-- phpMyAdmin SQL Dump
-- version 5.2.1
-- https://www.phpmyadmin.net/
--
-- Host: 127.0.0.1
-- Waktu pembuatan: 30 Jul 2024 pada 16.29
-- Versi server: 10.4.32-MariaDB
-- Versi PHP: 8.2.12

SET SQL_MODE = "NO_AUTO_VALUE_ON_ZERO";
START TRANSACTION;
SET time_zone = "+00:00";


/*!40101 SET @OLD_CHARACTER_SET_CLIENT=@@CHARACTER_SET_CLIENT */;
/*!40101 SET @OLD_CHARACTER_SET_RESULTS=@@CHARACTER_SET_RESULTS */;
/*!40101 SET @OLD_COLLATION_CONNECTION=@@COLLATION_CONNECTION */;
/*!40101 SET NAMES utf8mb4 */;

--
-- Database: `beasiswa_db`
--

-- --------------------------------------------------------

--
-- Struktur dari tabel `cluster`
--

CREATE TABLE `cluster` (
  `id` int(11) NOT NULL,
  `nama` varchar(50) NOT NULL,
  `keterangan` varchar(50) NOT NULL,
  `code` varchar(2) NOT NULL
) ENGINE=InnoDB DEFAULT CHARSET=utf8mb4 COLLATE=utf8mb4_general_ci;

--
-- Dumping data untuk tabel `cluster`
--

INSERT INTO `cluster` (`id`, `nama`, `keterangan`, `code`) VALUES
(1, 'Cluster Pertama', 'Layak', 'C1'),
(2, 'Cluster Kedua', 'Dipertimbangkan', 'C2'),
(3, 'Cluster Ketiga', 'Tidak Layak', 'C3');

-- --------------------------------------------------------

--
-- Struktur dari tabel `hasil_clustering`
--

CREATE TABLE `hasil_clustering` (
  `id` int(11) NOT NULL,
  `mahasiswa_id` int(11) DEFAULT NULL,
  `cluster_id` int(11) DEFAULT NULL,
  `tanggal_clustering` datetime DEFAULT current_timestamp()
) ENGINE=InnoDB DEFAULT CHARSET=utf8mb4 COLLATE=utf8mb4_general_ci;

--
-- Dumping data untuk tabel `hasil_clustering`
--

INSERT INTO `hasil_clustering` (`id`, `mahasiswa_id`, `cluster_id`, `tanggal_clustering`) VALUES
(1883, 6, 1, '2024-07-30 21:28:24'),
(1884, 7, 1, '2024-07-30 21:28:24'),
(1885, 8, 1, '2024-07-30 21:28:24'),
(1886, 11, 1, '2024-07-30 21:28:24'),
(1887, 14, 1, '2024-07-30 21:28:24'),
(1888, 15, 1, '2024-07-30 21:28:24'),
(1889, 17, 1, '2024-07-30 21:28:24'),
(1890, 18, 1, '2024-07-30 21:28:24'),
(1891, 20, 1, '2024-07-30 21:28:24'),
(1892, 22, 1, '2024-07-30 21:28:24'),
(1893, 23, 1, '2024-07-30 21:28:24'),
(1894, 29, 1, '2024-07-30 21:28:24'),
(1895, 31, 1, '2024-07-30 21:28:24'),
(1896, 33, 1, '2024-07-30 21:28:24'),
(1897, 34, 1, '2024-07-30 21:28:24'),
(1898, 35, 1, '2024-07-30 21:28:24'),
(1899, 36, 1, '2024-07-30 21:28:24'),
(1900, 38, 1, '2024-07-30 21:28:24'),
(1901, 39, 1, '2024-07-30 21:28:24'),
(1902, 40, 1, '2024-07-30 21:28:24'),
(1903, 41, 1, '2024-07-30 21:28:24'),
(1904, 44, 1, '2024-07-30 21:28:24'),
(1905, 45, 1, '2024-07-30 21:28:24'),
(1906, 47, 1, '2024-07-30 21:28:24'),
(1907, 48, 1, '2024-07-30 21:28:24'),
(1908, 49, 1, '2024-07-30 21:28:24'),
(1909, 50, 1, '2024-07-30 21:28:24'),
(1910, 55, 1, '2024-07-30 21:28:24'),
(1911, 57, 1, '2024-07-30 21:28:24'),
(1912, 59, 1, '2024-07-30 21:28:24'),
(1913, 61, 1, '2024-07-30 21:28:24'),
(1914, 64, 1, '2024-07-30 21:28:24'),
(1915, 65, 1, '2024-07-30 21:28:24'),
(1916, 66, 1, '2024-07-30 21:28:24'),
(1917, 68, 1, '2024-07-30 21:28:24'),
(1918, 69, 1, '2024-07-30 21:28:24'),
(1919, 70, 1, '2024-07-30 21:28:24'),
(1920, 71, 1, '2024-07-30 21:28:24'),
(1921, 78, 1, '2024-07-30 21:28:24'),
(1922, 79, 1, '2024-07-30 21:28:24'),
(1923, 83, 1, '2024-07-30 21:28:24'),
(1924, 84, 1, '2024-07-30 21:28:24'),
(1925, 87, 1, '2024-07-30 21:28:24'),
(1926, 88, 1, '2024-07-30 21:28:24'),
(1927, 90, 1, '2024-07-30 21:28:24'),
(1928, 92, 1, '2024-07-30 21:28:24'),
(1929, 93, 1, '2024-07-30 21:28:24'),
(1930, 95, 1, '2024-07-30 21:28:24'),
(1931, 96, 1, '2024-07-30 21:28:24'),
(1932, 97, 1, '2024-07-30 21:28:24'),
(1933, 98, 1, '2024-07-30 21:28:24'),
(1934, 99, 1, '2024-07-30 21:28:24'),
(1935, 100, 1, '2024-07-30 21:28:24'),
(1936, 101, 1, '2024-07-30 21:28:24'),
(1937, 104, 1, '2024-07-30 21:28:24'),
(1938, 105, 1, '2024-07-30 21:28:24'),
(1939, 106, 1, '2024-07-30 21:28:24'),
(1940, 108, 1, '2024-07-30 21:28:24'),
(1941, 111, 1, '2024-07-30 21:28:24'),
(1942, 112, 1, '2024-07-30 21:28:24'),
(1943, 114, 1, '2024-07-30 21:28:24'),
(1944, 116, 1, '2024-07-30 21:28:24'),
(1945, 117, 1, '2024-07-30 21:28:24'),
(1946, 118, 1, '2024-07-30 21:28:24'),
(1947, 119, 1, '2024-07-30 21:28:24'),
(1948, 126, 1, '2024-07-30 21:28:24'),
(1949, 127, 1, '2024-07-30 21:28:24'),
(1950, 130, 1, '2024-07-30 21:28:24'),
(1951, 131, 1, '2024-07-30 21:28:24'),
(1952, 136, 1, '2024-07-30 21:28:24'),
(1953, 137, 1, '2024-07-30 21:28:24'),
(1954, 138, 1, '2024-07-30 21:28:24'),
(1955, 141, 1, '2024-07-30 21:28:24'),
(1956, 146, 1, '2024-07-30 21:28:24'),
(1957, 147, 1, '2024-07-30 21:28:24'),
(1958, 148, 1, '2024-07-30 21:28:24'),
(1959, 149, 1, '2024-07-30 21:28:24'),
(1960, 150, 1, '2024-07-30 21:28:24'),
(1961, 152, 1, '2024-07-30 21:28:24'),
(1962, 153, 1, '2024-07-30 21:28:24'),
(1963, 154, 1, '2024-07-30 21:28:24'),
(1964, 155, 1, '2024-07-30 21:28:24'),
(1965, 157, 1, '2024-07-30 21:28:24'),
(1966, 158, 1, '2024-07-30 21:28:24'),
(1967, 159, 1, '2024-07-30 21:28:24'),
(1968, 160, 1, '2024-07-30 21:28:24'),
(1969, 161, 1, '2024-07-30 21:28:24'),
(1970, 162, 1, '2024-07-30 21:28:24'),
(1971, 163, 1, '2024-07-30 21:28:24'),
(1972, 164, 1, '2024-07-30 21:28:24'),
(1973, 165, 1, '2024-07-30 21:28:24'),
(1974, 166, 1, '2024-07-30 21:28:24'),
(1975, 167, 1, '2024-07-30 21:28:24'),
(1976, 168, 1, '2024-07-30 21:28:24'),
(1977, 169, 1, '2024-07-30 21:28:24'),
(1978, 170, 1, '2024-07-30 21:28:24'),
(1979, 171, 1, '2024-07-30 21:28:24'),
(1980, 175, 1, '2024-07-30 21:28:24'),
(1981, 178, 1, '2024-07-30 21:28:24'),
(1982, 179, 1, '2024-07-30 21:28:24'),
(1983, 183, 1, '2024-07-30 21:28:24'),
(1984, 184, 1, '2024-07-30 21:28:24'),
(1985, 185, 1, '2024-07-30 21:28:24'),
(1986, 186, 1, '2024-07-30 21:28:24'),
(1987, 187, 1, '2024-07-30 21:28:24'),
(1988, 188, 1, '2024-07-30 21:28:24'),
(1989, 189, 1, '2024-07-30 21:28:24'),
(1990, 190, 1, '2024-07-30 21:28:24'),
(1991, 192, 1, '2024-07-30 21:28:24'),
(1992, 195, 1, '2024-07-30 21:28:24'),
(1993, 196, 1, '2024-07-30 21:28:24'),
(1994, 197, 1, '2024-07-30 21:28:24'),
(1995, 198, 1, '2024-07-30 21:28:24'),
(1996, 200, 1, '2024-07-30 21:28:24'),
(1997, 201, 1, '2024-07-30 21:28:24'),
(1998, 202, 1, '2024-07-30 21:28:24'),
(1999, 204, 1, '2024-07-30 21:28:24'),
(2000, 205, 1, '2024-07-30 21:28:24'),
(2001, 207, 1, '2024-07-30 21:28:24'),
(2002, 208, 1, '2024-07-30 21:28:24'),
(2003, 209, 1, '2024-07-30 21:28:24'),
(2004, 211, 1, '2024-07-30 21:28:24'),
(2005, 212, 1, '2024-07-30 21:28:24'),
(2006, 214, 1, '2024-07-30 21:28:24'),
(2007, 215, 1, '2024-07-30 21:28:24'),
(2008, 218, 1, '2024-07-30 21:28:24'),
(2009, 222, 1, '2024-07-30 21:28:24'),
(2010, 223, 1, '2024-07-30 21:28:24'),
(2011, 227, 1, '2024-07-30 21:28:24'),
(2012, 228, 1, '2024-07-30 21:28:24'),
(2013, 229, 1, '2024-07-30 21:28:24'),
(2014, 230, 1, '2024-07-30 21:28:24'),
(2015, 231, 1, '2024-07-30 21:28:24'),
(2016, 233, 1, '2024-07-30 21:28:24'),
(2017, 234, 1, '2024-07-30 21:28:24'),
(2018, 236, 1, '2024-07-30 21:28:24'),
(2019, 239, 1, '2024-07-30 21:28:24'),
(2020, 241, 1, '2024-07-30 21:28:24'),
(2021, 242, 1, '2024-07-30 21:28:24'),
(2022, 243, 1, '2024-07-30 21:28:24'),
(2023, 244, 1, '2024-07-30 21:28:24'),
(2024, 245, 1, '2024-07-30 21:28:24'),
(2025, 246, 1, '2024-07-30 21:28:24'),
(2026, 247, 1, '2024-07-30 21:28:24'),
(2027, 248, 1, '2024-07-30 21:28:24'),
(2028, 250, 1, '2024-07-30 21:28:24'),
(2029, 251, 1, '2024-07-30 21:28:24'),
(2030, 252, 1, '2024-07-30 21:28:24'),
(2031, 253, 1, '2024-07-30 21:28:24'),
(2032, 255, 1, '2024-07-30 21:28:24'),
(2033, 256, 1, '2024-07-30 21:28:24'),
(2034, 257, 1, '2024-07-30 21:28:24'),
(2035, 258, 1, '2024-07-30 21:28:24'),
(2036, 262, 1, '2024-07-30 21:28:24'),
(2037, 263, 1, '2024-07-30 21:28:24'),
(2038, 265, 1, '2024-07-30 21:28:24'),
(2039, 267, 1, '2024-07-30 21:28:24'),
(2040, 268, 1, '2024-07-30 21:28:24'),
(2041, 269, 1, '2024-07-30 21:28:24'),
(2042, 270, 1, '2024-07-30 21:28:24'),
(2043, 271, 1, '2024-07-30 21:28:24'),
(2044, 273, 1, '2024-07-30 21:28:24'),
(2045, 274, 1, '2024-07-30 21:28:24'),
(2046, 275, 1, '2024-07-30 21:28:24'),
(2047, 276, 1, '2024-07-30 21:28:24'),
(2048, 278, 1, '2024-07-30 21:28:24'),
(2049, 281, 1, '2024-07-30 21:28:24'),
(2050, 282, 1, '2024-07-30 21:28:24'),
(2051, 283, 1, '2024-07-30 21:28:24'),
(2052, 285, 1, '2024-07-30 21:28:24'),
(2053, 287, 1, '2024-07-30 21:28:24'),
(2054, 288, 1, '2024-07-30 21:28:24'),
(2055, 289, 1, '2024-07-30 21:28:24'),
(2056, 290, 1, '2024-07-30 21:28:24'),
(2057, 293, 1, '2024-07-30 21:28:24'),
(2058, 295, 1, '2024-07-30 21:28:24'),
(2059, 296, 1, '2024-07-30 21:28:24'),
(2060, 297, 1, '2024-07-30 21:28:24'),
(2061, 299, 1, '2024-07-30 21:28:24'),
(2062, 302, 1, '2024-07-30 21:28:24'),
(2063, 303, 1, '2024-07-30 21:28:24'),
(2064, 307, 1, '2024-07-30 21:28:24'),
(2065, 308, 1, '2024-07-30 21:28:24'),
(2066, 309, 1, '2024-07-30 21:28:24'),
(2067, 312, 1, '2024-07-30 21:28:24'),
(2068, 313, 1, '2024-07-30 21:28:24'),
(2069, 314, 1, '2024-07-30 21:28:24'),
(2070, 316, 1, '2024-07-30 21:28:24'),
(2071, 317, 1, '2024-07-30 21:28:24'),
(2072, 318, 1, '2024-07-30 21:28:24'),
(2073, 320, 1, '2024-07-30 21:28:24'),
(2074, 321, 1, '2024-07-30 21:28:24'),
(2075, 322, 1, '2024-07-30 21:28:24'),
(2076, 323, 1, '2024-07-30 21:28:24'),
(2077, 324, 1, '2024-07-30 21:28:24'),
(2078, 325, 1, '2024-07-30 21:28:24'),
(2079, 326, 1, '2024-07-30 21:28:24'),
(2080, 328, 1, '2024-07-30 21:28:24'),
(2081, 329, 1, '2024-07-30 21:28:24'),
(2082, 333, 1, '2024-07-30 21:28:24'),
(2083, 334, 1, '2024-07-30 21:28:24'),
(2084, 335, 1, '2024-07-30 21:28:24'),
(2085, 336, 1, '2024-07-30 21:28:24'),
(2086, 337, 1, '2024-07-30 21:28:24'),
(2087, 338, 1, '2024-07-30 21:28:24'),
(2088, 340, 1, '2024-07-30 21:28:24'),
(2089, 341, 1, '2024-07-30 21:28:24'),
(2090, 343, 1, '2024-07-30 21:28:24'),
(2091, 344, 1, '2024-07-30 21:28:24'),
(2092, 345, 1, '2024-07-30 21:28:24'),
(2093, 346, 1, '2024-07-30 21:28:24'),
(2094, 347, 1, '2024-07-30 21:28:24'),
(2095, 348, 1, '2024-07-30 21:28:24'),
(2096, 350, 1, '2024-07-30 21:28:24'),
(2097, 351, 1, '2024-07-30 21:28:24'),
(2098, 352, 1, '2024-07-30 21:28:24'),
(2099, 353, 1, '2024-07-30 21:28:24'),
(2100, 354, 1, '2024-07-30 21:28:24'),
(2101, 355, 1, '2024-07-30 21:28:24'),
(2102, 356, 1, '2024-07-30 21:28:24'),
(2103, 357, 1, '2024-07-30 21:28:24'),
(2104, 358, 1, '2024-07-30 21:28:24'),
(2105, 359, 1, '2024-07-30 21:28:24'),
(2106, 360, 1, '2024-07-30 21:28:24'),
(2107, 362, 1, '2024-07-30 21:28:24'),
(2108, 363, 1, '2024-07-30 21:28:24'),
(2109, 364, 1, '2024-07-30 21:28:24'),
(2110, 367, 1, '2024-07-30 21:28:24'),
(2111, 368, 1, '2024-07-30 21:28:24'),
(2112, 369, 1, '2024-07-30 21:28:24'),
(2113, 371, 1, '2024-07-30 21:28:24'),
(2114, 373, 1, '2024-07-30 21:28:24'),
(2115, 375, 1, '2024-07-30 21:28:24'),
(2116, 376, 1, '2024-07-30 21:28:24'),
(2117, 377, 1, '2024-07-30 21:28:24'),
(2118, 380, 1, '2024-07-30 21:28:24'),
(2119, 382, 1, '2024-07-30 21:28:24'),
(2120, 383, 1, '2024-07-30 21:28:24'),
(2121, 384, 1, '2024-07-30 21:28:24'),
(2122, 385, 1, '2024-07-30 21:28:24'),
(2123, 386, 1, '2024-07-30 21:28:24'),
(2124, 387, 1, '2024-07-30 21:28:24'),
(2125, 390, 1, '2024-07-30 21:28:24'),
(2126, 392, 1, '2024-07-30 21:28:24'),
(2127, 394, 1, '2024-07-30 21:28:24'),
(2128, 396, 1, '2024-07-30 21:28:24'),
(2129, 399, 1, '2024-07-30 21:28:24'),
(2130, 400, 1, '2024-07-30 21:28:24'),
(2131, 401, 1, '2024-07-30 21:28:24'),
(2132, 402, 1, '2024-07-30 21:28:24'),
(2133, 404, 1, '2024-07-30 21:28:24'),
(2134, 405, 1, '2024-07-30 21:28:24'),
(2135, 408, 1, '2024-07-30 21:28:24'),
(2136, 409, 1, '2024-07-30 21:28:24'),
(2137, 410, 1, '2024-07-30 21:28:24'),
(2138, 413, 1, '2024-07-30 21:28:24'),
(2139, 415, 1, '2024-07-30 21:28:24'),
(2140, 416, 1, '2024-07-30 21:28:24'),
(2141, 417, 1, '2024-07-30 21:28:24'),
(2142, 418, 1, '2024-07-30 21:28:24'),
(2143, 419, 1, '2024-07-30 21:28:24'),
(2144, 420, 1, '2024-07-30 21:28:24'),
(2145, 424, 1, '2024-07-30 21:28:24'),
(2146, 426, 1, '2024-07-30 21:28:24'),
(2147, 427, 1, '2024-07-30 21:28:24'),
(2148, 428, 1, '2024-07-30 21:28:24'),
(2149, 430, 1, '2024-07-30 21:28:24'),
(2150, 433, 1, '2024-07-30 21:28:24'),
(2151, 434, 1, '2024-07-30 21:28:24'),
(2152, 435, 1, '2024-07-30 21:28:24'),
(2153, 436, 1, '2024-07-30 21:28:24'),
(2154, 437, 1, '2024-07-30 21:28:24'),
(2155, 438, 1, '2024-07-30 21:28:24'),
(2156, 440, 1, '2024-07-30 21:28:24'),
(2157, 444, 1, '2024-07-30 21:28:24'),
(2158, 445, 1, '2024-07-30 21:28:24'),
(2159, 446, 1, '2024-07-30 21:28:24'),
(2160, 447, 1, '2024-07-30 21:28:24'),
(2161, 448, 1, '2024-07-30 21:28:24'),
(2162, 452, 1, '2024-07-30 21:28:24'),
(2163, 453, 1, '2024-07-30 21:28:24'),
(2164, 454, 1, '2024-07-30 21:28:24'),
(2165, 455, 1, '2024-07-30 21:28:24'),
(2166, 456, 1, '2024-07-30 21:28:24'),
(2167, 457, 1, '2024-07-30 21:28:24'),
(2168, 458, 1, '2024-07-30 21:28:24'),
(2169, 460, 1, '2024-07-30 21:28:24'),
(2170, 463, 1, '2024-07-30 21:28:24'),
(2171, 465, 1, '2024-07-30 21:28:24'),
(2172, 467, 1, '2024-07-30 21:28:24'),
(2173, 468, 1, '2024-07-30 21:28:24'),
(2174, 462, 2, '2024-07-30 21:28:24'),
(2175, 464, 2, '2024-07-30 21:28:24'),
(2176, 466, 2, '2024-07-30 21:28:24'),
(2177, 9, 3, '2024-07-30 21:28:24'),
(2178, 10, 3, '2024-07-30 21:28:24'),
(2179, 12, 3, '2024-07-30 21:28:24'),
(2180, 13, 3, '2024-07-30 21:28:24'),
(2181, 16, 3, '2024-07-30 21:28:24'),
(2182, 19, 3, '2024-07-30 21:28:24'),
(2183, 21, 3, '2024-07-30 21:28:24'),
(2184, 24, 3, '2024-07-30 21:28:24'),
(2185, 25, 3, '2024-07-30 21:28:24'),
(2186, 26, 3, '2024-07-30 21:28:24'),
(2187, 27, 3, '2024-07-30 21:28:24'),
(2188, 28, 3, '2024-07-30 21:28:24'),
(2189, 30, 3, '2024-07-30 21:28:24'),
(2190, 32, 3, '2024-07-30 21:28:24'),
(2191, 37, 3, '2024-07-30 21:28:24'),
(2192, 42, 3, '2024-07-30 21:28:24'),
(2193, 43, 3, '2024-07-30 21:28:24'),
(2194, 46, 3, '2024-07-30 21:28:24'),
(2195, 51, 3, '2024-07-30 21:28:24'),
(2196, 52, 3, '2024-07-30 21:28:24'),
(2197, 53, 3, '2024-07-30 21:28:24'),
(2198, 54, 3, '2024-07-30 21:28:24'),
(2199, 56, 3, '2024-07-30 21:28:24'),
(2200, 58, 3, '2024-07-30 21:28:24'),
(2201, 60, 3, '2024-07-30 21:28:24'),
(2202, 62, 3, '2024-07-30 21:28:24'),
(2203, 63, 3, '2024-07-30 21:28:24'),
(2204, 67, 3, '2024-07-30 21:28:24'),
(2205, 72, 3, '2024-07-30 21:28:24'),
(2206, 73, 3, '2024-07-30 21:28:24'),
(2207, 74, 3, '2024-07-30 21:28:24'),
(2208, 75, 3, '2024-07-30 21:28:24'),
(2209, 76, 3, '2024-07-30 21:28:24'),
(2210, 77, 3, '2024-07-30 21:28:24'),
(2211, 80, 3, '2024-07-30 21:28:24'),
(2212, 81, 3, '2024-07-30 21:28:24'),
(2213, 82, 3, '2024-07-30 21:28:24'),
(2214, 85, 3, '2024-07-30 21:28:24'),
(2215, 86, 3, '2024-07-30 21:28:24'),
(2216, 89, 3, '2024-07-30 21:28:24'),
(2217, 91, 3, '2024-07-30 21:28:24'),
(2218, 94, 3, '2024-07-30 21:28:24'),
(2219, 102, 3, '2024-07-30 21:28:24'),
(2220, 103, 3, '2024-07-30 21:28:24'),
(2221, 107, 3, '2024-07-30 21:28:24'),
(2222, 109, 3, '2024-07-30 21:28:24'),
(2223, 110, 3, '2024-07-30 21:28:24'),
(2224, 113, 3, '2024-07-30 21:28:24'),
(2225, 115, 3, '2024-07-30 21:28:24'),
(2226, 120, 3, '2024-07-30 21:28:24'),
(2227, 121, 3, '2024-07-30 21:28:24'),
(2228, 122, 3, '2024-07-30 21:28:24'),
(2229, 123, 3, '2024-07-30 21:28:24'),
(2230, 124, 3, '2024-07-30 21:28:24'),
(2231, 125, 3, '2024-07-30 21:28:24'),
(2232, 128, 3, '2024-07-30 21:28:24'),
(2233, 129, 3, '2024-07-30 21:28:24'),
(2234, 132, 3, '2024-07-30 21:28:24'),
(2235, 133, 3, '2024-07-30 21:28:24'),
(2236, 134, 3, '2024-07-30 21:28:24'),
(2237, 135, 3, '2024-07-30 21:28:24'),
(2238, 139, 3, '2024-07-30 21:28:24'),
(2239, 140, 3, '2024-07-30 21:28:24'),
(2240, 142, 3, '2024-07-30 21:28:24'),
(2241, 143, 3, '2024-07-30 21:28:24'),
(2242, 144, 3, '2024-07-30 21:28:24'),
(2243, 145, 3, '2024-07-30 21:28:24'),
(2244, 151, 3, '2024-07-30 21:28:24'),
(2245, 156, 3, '2024-07-30 21:28:24'),
(2246, 172, 3, '2024-07-30 21:28:24'),
(2247, 173, 3, '2024-07-30 21:28:24'),
(2248, 174, 3, '2024-07-30 21:28:24'),
(2249, 176, 3, '2024-07-30 21:28:24'),
(2250, 177, 3, '2024-07-30 21:28:24'),
(2251, 180, 3, '2024-07-30 21:28:24'),
(2252, 181, 3, '2024-07-30 21:28:24'),
(2253, 182, 3, '2024-07-30 21:28:24'),
(2254, 191, 3, '2024-07-30 21:28:24'),
(2255, 193, 3, '2024-07-30 21:28:24'),
(2256, 194, 3, '2024-07-30 21:28:24'),
(2257, 199, 3, '2024-07-30 21:28:24'),
(2258, 203, 3, '2024-07-30 21:28:24'),
(2259, 206, 3, '2024-07-30 21:28:24'),
(2260, 210, 3, '2024-07-30 21:28:24'),
(2261, 213, 3, '2024-07-30 21:28:24'),
(2262, 216, 3, '2024-07-30 21:28:24'),
(2263, 217, 3, '2024-07-30 21:28:24'),
(2264, 219, 3, '2024-07-30 21:28:24'),
(2265, 220, 3, '2024-07-30 21:28:24'),
(2266, 221, 3, '2024-07-30 21:28:24'),
(2267, 224, 3, '2024-07-30 21:28:24'),
(2268, 225, 3, '2024-07-30 21:28:24'),
(2269, 226, 3, '2024-07-30 21:28:24'),
(2270, 232, 3, '2024-07-30 21:28:24'),
(2271, 235, 3, '2024-07-30 21:28:24'),
(2272, 237, 3, '2024-07-30 21:28:24'),
(2273, 238, 3, '2024-07-30 21:28:24'),
(2274, 240, 3, '2024-07-30 21:28:24'),
(2275, 249, 3, '2024-07-30 21:28:24'),
(2276, 254, 3, '2024-07-30 21:28:24'),
(2277, 259, 3, '2024-07-30 21:28:24'),
(2278, 260, 3, '2024-07-30 21:28:24'),
(2279, 261, 3, '2024-07-30 21:28:24'),
(2280, 264, 3, '2024-07-30 21:28:24'),
(2281, 266, 3, '2024-07-30 21:28:24'),
(2282, 272, 3, '2024-07-30 21:28:24'),
(2283, 277, 3, '2024-07-30 21:28:24'),
(2284, 279, 3, '2024-07-30 21:28:24'),
(2285, 280, 3, '2024-07-30 21:28:24'),
(2286, 284, 3, '2024-07-30 21:28:24'),
(2287, 286, 3, '2024-07-30 21:28:24'),
(2288, 291, 3, '2024-07-30 21:28:24'),
(2289, 292, 3, '2024-07-30 21:28:24'),
(2290, 294, 3, '2024-07-30 21:28:24'),
(2291, 298, 3, '2024-07-30 21:28:24'),
(2292, 300, 3, '2024-07-30 21:28:24'),
(2293, 301, 3, '2024-07-30 21:28:24'),
(2294, 304, 3, '2024-07-30 21:28:24'),
(2295, 305, 3, '2024-07-30 21:28:24'),
(2296, 306, 3, '2024-07-30 21:28:24'),
(2297, 310, 3, '2024-07-30 21:28:24'),
(2298, 311, 3, '2024-07-30 21:28:24'),
(2299, 315, 3, '2024-07-30 21:28:24'),
(2300, 319, 3, '2024-07-30 21:28:24'),
(2301, 327, 3, '2024-07-30 21:28:24'),
(2302, 330, 3, '2024-07-30 21:28:24'),
(2303, 331, 3, '2024-07-30 21:28:24'),
(2304, 332, 3, '2024-07-30 21:28:24'),
(2305, 339, 3, '2024-07-30 21:28:24'),
(2306, 342, 3, '2024-07-30 21:28:24'),
(2307, 349, 3, '2024-07-30 21:28:24'),
(2308, 361, 3, '2024-07-30 21:28:24'),
(2309, 365, 3, '2024-07-30 21:28:24'),
(2310, 366, 3, '2024-07-30 21:28:24'),
(2311, 370, 3, '2024-07-30 21:28:24'),
(2312, 372, 3, '2024-07-30 21:28:24'),
(2313, 374, 3, '2024-07-30 21:28:24'),
(2314, 378, 3, '2024-07-30 21:28:24'),
(2315, 379, 3, '2024-07-30 21:28:24'),
(2316, 381, 3, '2024-07-30 21:28:24'),
(2317, 388, 3, '2024-07-30 21:28:24'),
(2318, 389, 3, '2024-07-30 21:28:24'),
(2319, 391, 3, '2024-07-30 21:28:24'),
(2320, 393, 3, '2024-07-30 21:28:24'),
(2321, 395, 3, '2024-07-30 21:28:24'),
(2322, 397, 3, '2024-07-30 21:28:24'),
(2323, 398, 3, '2024-07-30 21:28:24'),
(2324, 403, 3, '2024-07-30 21:28:24'),
(2325, 406, 3, '2024-07-30 21:28:24'),
(2326, 407, 3, '2024-07-30 21:28:24'),
(2327, 411, 3, '2024-07-30 21:28:24'),
(2328, 412, 3, '2024-07-30 21:28:24'),
(2329, 414, 3, '2024-07-30 21:28:24'),
(2330, 421, 3, '2024-07-30 21:28:24'),
(2331, 422, 3, '2024-07-30 21:28:24'),
(2332, 423, 3, '2024-07-30 21:28:24'),
(2333, 425, 3, '2024-07-30 21:28:24'),
(2334, 429, 3, '2024-07-30 21:28:24'),
(2335, 431, 3, '2024-07-30 21:28:24'),
(2336, 432, 3, '2024-07-30 21:28:24'),
(2337, 439, 3, '2024-07-30 21:28:24'),
(2338, 441, 3, '2024-07-30 21:28:24'),
(2339, 442, 3, '2024-07-30 21:28:24'),
(2340, 443, 3, '2024-07-30 21:28:24'),
(2341, 449, 3, '2024-07-30 21:28:24'),
(2342, 450, 3, '2024-07-30 21:28:24'),
(2343, 451, 3, '2024-07-30 21:28:24'),
(2344, 459, 3, '2024-07-30 21:28:24'),
(2345, 461, 3, '2024-07-30 21:28:24');

-- --------------------------------------------------------

--
-- Struktur dari tabel `mahasiswa`
--

CREATE TABLE `mahasiswa` (
  `id` int(11) NOT NULL,
  `nama` varchar(255) NOT NULL,
  `ipk` float NOT NULL,
  `penghasilan_ayah` enum('0 - 500.000','500.000 - 999.999','1.000.000 - 1.999.999','2.000.000+') NOT NULL,
  `penghasilan_ibu` enum('0 - 500.000','500.000 - 999.999','1.000.000 - 1.999.999','2.000.000+') NOT NULL,
  `angkatan` varchar(10) NOT NULL
) ENGINE=InnoDB DEFAULT CHARSET=utf8mb4 COLLATE=utf8mb4_general_ci;

--
-- Dumping data untuk tabel `mahasiswa`
--

INSERT INTO `mahasiswa` (`id`, `nama`, `ipk`, `penghasilan_ayah`, `penghasilan_ibu`, `angkatan`) VALUES
(6, 'ARIF ARMANSYAH', 1, '500.000 - 999.999', '', '2022/2023'),
(7, 'ENDHANG SATRIO WICAKSONO', 1.07, '500.000 - 999.999', '500.000 - 999.999', '2022/2023'),
(8, 'SRI BISMA AHMAD TAUFIK', 1.07, '500.000 - 999.999', '', '2021/2022'),
(9, 'Muhammad Fahrul Arumasi', 1.21, '', '', '2021/2022'),
(10, 'ILHAM YONATAMA ', 1.33, '', '', '2020/2021'),
(11, 'IZAAZ ANDIKA ARDIANSYAH ', 1.43, '0 - 500.000', '0 - 500.000', '2022/2023'),
(12, 'Rhoni Buana Tri Atmojo', 1.43, '', '', '2022/2023'),
(13, 'MUHAMMAD ILHAM SUSANTO', 1.54, '', '', '2021/2022'),
(14, 'ISMAIL BIL HANTORO', 1.6, '1.000.000 - 1.999.999', '1.000.000 - 1.999.999', '2020/2021'),
(15, 'FAJAR MIFTAHUL HUDA', 1.62, '0 - 500.000', '0 - 500.000', '2021/2022'),
(16, 'Tsaniya Lulu Fauza', 1.63, '', '', '2022/2023'),
(17, 'ANDIK PRASETIYO', 1.64, '500.000 - 999.999', '', '2021/2022'),
(18, 'ROBY TRI WICAKSONO', 1.64, '1.000.000 - 1.999.999', '0 - 500.000', '2022/2023'),
(19, 'Ahmad Maulana Iqbal', 1.71, '', '', '2021/2022'),
(20, 'FAZYA FADILLA PUTRI BARURI', 1.75, '1.000.000 - 1.999.999', '', '2021/2022'),
(21, 'ERWIN EGA CAHYA', 1.79, '', '0 - 500.000', '2022/2023'),
(22, 'Makhbub Khoirul fikkri', 1.79, '500.000 - 999.999', '500.000 - 999.999', '2021/2022'),
(23, 'FAJAR RIANA', 1.8, '500.000 - 999.999', '500.000 - 999.999', '2020/2021'),
(24, 'RANING MARDAYANI', 1.8, '', '', '2020/2021'),
(25, 'VYCCO SANDHI RACHMA ROESTANDI', 1.83, '', '', '2021/2022'),
(26, 'MUHAMMAD DIVA FAUZI NUR ROSYID', 1.9, '', '', '2023/2024'),
(27, 'NOVERTA ADITYA PURWANTO', 1.9, '', '', '2021/2022'),
(28, 'FALAQ ILHAM FAZAL HAQ', 1.91, '', '', '2022/2023'),
(29, 'TRI BINUKO ', 1.92, '0 - 500.000', '0 - 500.000', '2022/2023'),
(30, 'FEBRIAN SULISYANTIO', 1.93, '', '1.000.000 - 1.999.999', '2023/2024'),
(31, 'GILANG ARIAGHI DEVARA', 1.94, '1.000.000 - 1.999.999', '', '2021/2022'),
(32, 'AWANDA BRALIN PRABANDINI', 1.95, '', '', '2020/2021'),
(33, 'Tyas winantu pambagyo', 2, '500.000 - 999.999', '0 - 500.000', '2023/2024'),
(34, 'Natasya Cindy Rafika Cahyaningrum', 2.03, '500.000 - 999.999', '500.000 - 999.999', '2020/2021'),
(35, 'DINO ARYA FINANDA', 2.05, '500.000 - 999.999', '500.000 - 999.999', '2023/2024'),
(36, 'NASRUL NURCHOLIS', 2.08, '0 - 500.000', '', '2022/2023'),
(37, 'REVA FITRIYANA AL MUSTOFA ', 2.15, '', '', '2022/2023'),
(38, 'AKMAL PUTRA AL FAIZ', 2.17, '1.000.000 - 1.999.999', '500.000 - 999.999', '2021/2022'),
(39, 'Ananda Tegar Dwi Pamungkas', 2.17, '1.000.000 - 1.999.999', '1.000.000 - 1.999.999', '2022/2023'),
(40, 'NOVAL DANI SANJAYA', 2.17, '500.000 - 999.999', '1.000.000 - 1.999.999', '2021/2022'),
(41, 'FATKHURROHMAN HALUDI', 2.18, '1.000.000 - 1.999.999', '', '2021/2022'),
(42, 'BAGUS RISKY ICHSANHALIM', 2.21, '', '1.000.000 - 1.999.999', '2021/2022'),
(43, 'KRISNA NURHUDA CIPTAPRATAMA', 2.21, '', '1.000.000 - 1.999.999', '2021/2022'),
(44, 'FAHRUR ROZI', 2.22, '500.000 - 999.999', '0 - 500.000', '2021/2022'),
(45, 'ARGA JUAN RIZKY MA\\\'RIFATTULLOH', 2.23, '500.000 - 999.999', '0 - 500.000', '2021/2022'),
(46, 'RAIHAN WIKU BHAKTI', 2.26, '', '', '2020/2021'),
(47, 'SEPTA NUGRAHA SAPUTRA', 2.26, '1.000.000 - 1.999.999', '1.000.000 - 1.999.999', '2021/2022'),
(48, 'ADRIK JAMALUDIN', 2.28, '0 - 500.000', '', '2023/2024'),
(49, 'SABIKHISMA FIDDINNA RIZKI PRASETYYO', 2.28, '1.000.000 - 1.999.999', '1.000.000 - 1.999.999', '2020/2021'),
(50, 'MUHAMMAD ARDIYAN MAULANA', 2.3, '500.000 - 999.999', '500.000 - 999.999', '2022/2023'),
(51, 'FERNANDA AZIZ ADEWANA', 2.31, '', '', '2022/2023'),
(52, 'PANJI HIMAWAN NUR RIZKY R', 2.31, '', '', '2021/2022'),
(53, 'DIMAS CAHYA PUTRA GUNAWAN', 2.32, '', '', '2021/2022'),
(54, 'BAGUS PRAYOGA PRAMUDA', 2.33, '', '1.000.000 - 1.999.999', '2022/2023'),
(55, 'DICY ZALFA FIROS ', 2.33, '1.000.000 - 1.999.999', '', '2023/2024'),
(56, 'Muhammad Hana Briliant Asyrofi', 2.33, '', '0 - 500.000', '2022/2023'),
(57, 'FAIZAL AKBAR', 2.35, '500.000 - 999.999', '1.000.000 - 1.999.999', '2023/2024'),
(58, 'MUHAMAD RIJALUL ALAM ASHIDQI', 2.43, '', '1.000.000 - 1.999.999', '2020/2021'),
(59, 'AFIDZ BANGUN PRASTYO', 2.47, '500.000 - 999.999', '500.000 - 999.999', '2021/2022'),
(60, 'ABU NAIM', 2.48, '', '0 - 500.000', '2022/2023'),
(61, 'ADIB ADZFARUL FUADI', 2.53, '1.000.000 - 1.999.999', '', '2022/2023'),
(62, 'ANGGA FAJAR KUSUMA', 2.53, '', '', '2020/2021'),
(63, 'DONI KUSUMA ARTA WIJAYA', 2.53, '', '', '2022/2023'),
(64, 'SETIAWAN JOKO PRAKOSO ', 2.53, '500.000 - 999.999', '', '2022/2023'),
(65, 'ISHAQ', 2.56, '1.000.000 - 1.999.999', '500.000 - 999.999', '2021/2022'),
(66, 'FAIZAL ADI NUGROHO ', 2.58, '500.000 - 999.999', '0 - 500.000', '2022/2023'),
(67, 'IKSAN MAULANA', 2.58, '', '0 - 500.000', '2022/2023'),
(68, 'NURUL NGIZATI MALIYANA', 2.59, '0 - 500.000', '0 - 500.000', '2021/2022'),
(69, 'Ameylia Turfah Rofidah ', 2.63, '1.000.000 - 1.999.999', '', '2023/2024'),
(70, 'Husnul hafizh rosyidiin', 2.63, '0 - 500.000', '', '2021/2022'),
(71, 'LA MARNO', 2.64, '500.000 - 999.999', '', '2022/2023'),
(72, 'AHMAD MUHAMMAD', 2.65, '', '0 - 500.000', '2023/2024'),
(73, 'Deka Cesar Amando', 2.65, '', '', '2020/2021'),
(74, 'YUNNI ADIYANTARI', 2.65, '', '', '2021/2022'),
(75, 'DICKY RIF\\\'AN FIRMANSYAH', 2.68, '', '', '2022/2023'),
(76, 'NAUFAL EZRA ARBAN', 2.68, '', '', '2023/2024'),
(77, 'DAFFA BAGUS APRIALDO', 2.69, '', '', '2022/2023'),
(78, 'YAHYA NOUR FAUZAN', 2.69, '1.000.000 - 1.999.999', '', '2022/2023'),
(79, 'BRYAN GALANG PRAMUNEGARA', 2.7, '1.000.000 - 1.999.999', '500.000 - 999.999', '2022/2023'),
(80, 'MUHAMMAD ZAYDAN MUKTAFA', 2.7, '', '1.000.000 - 1.999.999', '2022/2023'),
(81, 'NOV FIARI RAMADHAN', 2.7, '', '', '2020/2021'),
(82, 'YOGI PRAMOEDYA WIJAKSONO', 2.71, '', '', '2022/2023'),
(83, 'MOHAMAD VIKAR DIO LOPES ISLAMI', 2.72, '0 - 500.000', '', '2020/2021'),
(84, 'MUHAMMAD IBNU ATHOILLAH ', 2.73, '1.000.000 - 1.999.999', '', '2022/2023'),
(85, 'ZAHRANI AGMA ARDHIANI, A.MA', 2.73, '', '', '2022/2023'),
(86, 'MUHAMMAD FIKROTUL ULYA AS-SIDDIEQ', 2.74, '', '', '2021/2022'),
(87, 'ALIEFAH SYALMA RATSDEA MUFTTI', 2.75, '500.000 - 999.999', '0 - 500.000', '2021/2022'),
(88, 'HAYKAL GAZA MUHAMMAD', 2.75, '1.000.000 - 1.999.999', '500.000 - 999.999', '2022/2023'),
(89, 'IMAM GALIH PRAYITNO', 2.75, '', '', '2022/2023'),
(90, 'IN\\\'AM VAVIANSYAH H', 2.75, '0 - 500.000', '0 - 500.000', '2022/2023'),
(91, 'MUHAMMAD ILHAM', 2.75, '', '', '2020/2021'),
(92, 'PUTRISA EKA DIFRILA ', 2.76, '0 - 500.000', '', '2022/2023'),
(93, 'Abid Ghufron Fuad', 2.78, '500.000 - 999.999', '500.000 - 999.999', '2023/2024'),
(94, 'ANGGI PRASETYO', 2.78, '', '', '2023/2024'),
(95, 'davif Adi Prayogo', 2.78, '500.000 - 999.999', '500.000 - 999.999', '2022/2023'),
(96, 'Muhammad faqih izzudin', 2.78, '1.000.000 - 1.999.999', '', '2023/2024'),
(97, 'RACHMAT DWI ARYANTO', 2.78, '0 - 500.000', '0 - 500.000', '2022/2023'),
(98, 'BAGUS ANTON PRIHANTORO', 2.79, '1.000.000 - 1.999.999', '', '2020/2021'),
(99, 'AREL EZA AFANDI', 2.8, '500.000 - 999.999', '500.000 - 999.999', '2022/2023'),
(100, 'MOH. FIZAR MAULANA IKMAL', 2.8, '1.000.000 - 1.999.999', '1.000.000 - 1.999.999', '2022/2023'),
(101, 'MOH. RIFQI NURFAISANDI', 2.8, '500.000 - 999.999', '', '2021/2022'),
(102, 'MUHAMMAD SIVAUNNAZAR', 2.8, '', '', '2022/2023'),
(103, 'TEGAR SINABOLANG ', 2.8, '', '1.000.000 - 1.999.999', '2023/2024'),
(104, 'FAHRYAN WAHYU FIRMANSYAH', 2.81, '1.000.000 - 1.999.999', '', '2020/2021'),
(105, 'Galfin Fadhila Abiyyu', 2.81, '500.000 - 999.999', '500.000 - 999.999', '2022/2023'),
(106, 'Yusron Kristanto', 2.81, '1.000.000 - 1.999.999', '1.000.000 - 1.999.999', '2022/2023'),
(107, 'PAMUNGKAS IMAM SUGANDI', 2.82, '', '0 - 500.000', '2021/2022'),
(108, 'HALIM FEBIANTORO', 2.83, '1.000.000 - 1.999.999', '', '2022/2023'),
(109, 'Kisawa Wildan Nuha', 2.83, '', '', '2023/2024'),
(110, 'MUHAMMAD SHOLEHUDIN', 2.83, '', '1.000.000 - 1.999.999', '2023/2024'),
(111, 'MUHAMMAD ZAMZAM FIRDAUS', 2.83, '1.000.000 - 1.999.999', '', '2023/2024'),
(112, 'RONALD HADI SETIAWAN', 2.85, '500.000 - 999.999', '', '2022/2023'),
(113, 'ADELYA ARMIAJI ILHAM ', 2.86, '', '', '2020/2021'),
(114, 'ANGGUN WILDA MILA EKASARI', 2.86, '1.000.000 - 1.999.999', '', '2020/2021'),
(115, 'INTAN PUTRI PERMATASARI', 2.86, '', '', '2020/2021'),
(116, 'MUHAMMAD SIDIQ GOZALI ', 2.86, '500.000 - 999.999', '500.000 - 999.999', '2022/2023'),
(117, 'NASRUL ADITRI RAHMANDIKA', 2.88, '1.000.000 - 1.999.999', '', '2022/2023'),
(118, 'NICHO ANANDA PUTRA', 2.88, '1.000.000 - 1.999.999', '', '2021/2022'),
(119, 'RIDWAN NUR HAMID', 2.88, '500.000 - 999.999', '0 - 500.000', '2022/2023'),
(120, 'WILDAN SAKTIKA NUGRAHA ', 2.88, '', '', '2023/2024'),
(121, 'Abdullah Ahmad Zulfikar', 2.9, '', '', '2023/2024'),
(122, 'ARIF JATI KUSUMA SUWANDI', 2.9, '', '', '2022/2023'),
(123, 'BINTANG FAJAR ARDIANSYAH', 2.9, '', '', '2022/2023'),
(124, 'DIMAS NAZLA PRASETIANTO', 2.9, '', '', '2022/2023'),
(125, 'RENDY PRASETYO', 2.9, '', '', '2022/2023'),
(126, 'DYAH NURMALITASARI', 2.93, '500.000 - 999.999', '0 - 500.000', '2022/2023'),
(127, 'Putri Febrianti ', 2.93, '500.000 - 999.999', '0 - 500.000', '2023/2024'),
(128, 'SITI INDRIYANI', 2.93, '', '1.000.000 - 1.999.999', '2023/2024'),
(129, 'GALIH PURBO DANU KISOWO', 2.94, '', '', '2021/2022'),
(130, 'MILA NUR JANAH', 2.94, '0 - 500.000', '0 - 500.000', '2021/2022'),
(131, 'DINDA SEPTYANA', 2.95, '0 - 500.000', '500.000 - 999.999', '2020/2021'),
(132, 'BAMBANG SUCIATMOJO', 2.96, '', '', '2020/2021'),
(133, 'ANDYRA ALDY KURNIAWAN', 2.97, '', '', '2021/2022'),
(134, 'Muhammad Ridwan Hidayatulloh', 2.97, '', '', '2021/2022'),
(135, 'AMELYA NOVPARWINKA ', 2.98, '', '', '2023/2024'),
(136, 'KHOLIF CAHYO ROSO', 2.98, '0 - 500.000', '0 - 500.000', '2023/2024'),
(137, 'MAS AYU BERLIANA CITRA SALSA BILA', 2.98, '1.000.000 - 1.999.999', '', '2023/2024'),
(138, 'RIGANDI RAMADHANI', 2.98, '1.000.000 - 1.999.999', '1.000.000 - 1.999.999', '2022/2023'),
(139, 'AGIL SALAHUDIN', 3, '', '1.000.000 - 1.999.999', '2020/2021'),
(140, 'AGUNG PRIAMBODO', 3, '', '', '2015/2016'),
(141, 'Anggarizki Candra Purnama', 3, '0 - 500.000', '1.000.000 - 1.999.999', '2022/2023'),
(142, 'AWALUDIN NUR KHABIBI', 3, '', '1.000.000 - 1.999.999', '2022/2023'),
(143, 'DAMAS ADHI PRASETYO', 3, '', '0 - 500.000', '2023/2024'),
(144, 'DINA KUMALA SARI', 3, '', '1.000.000 - 1.999.999', '2020/2021'),
(145, 'ENDY FIRJATUL MAHFUT ', 3, '', '', '2021/2022'),
(146, 'MUHAMMAD REZA', 3, '0 - 500.000', '0 - 500.000', '2020/2021'),
(147, 'NAWA ZULFA ROHADA \\\'AYS', 3, '0 - 500.000', '0 - 500.000', '2020/2021'),
(148, 'SALSABILA MEILA PUTRI', 3, '1.000.000 - 1.999.999', '', '2020/2021'),
(149, 'WARDANA JAYA KUSUMA', 3, '0 - 500.000', '0 - 500.000', '2020/2021'),
(150, 'YURI ASIVA NASTITI', 3, '1.000.000 - 1.999.999', '500.000 - 999.999', '2020/2021'),
(151, 'FERIAL TEGAR CAHYA WARDANA', 3.03, '', '1.000.000 - 1.999.999', '2020/2021'),
(152, 'HANIF IHSAN HAVIS', 3.03, '500.000 - 999.999', '0 - 500.000', '2022/2023'),
(153, 'Prince Betta Vistra Padma Negara', 3.03, '1.000.000 - 1.999.999', '', '2022/2023'),
(154, 'SITI HARDYASTUTI RINDI ASHWARI', 3.03, '0 - 500.000', '0 - 500.000', '2023/2024'),
(155, 'Fabio Fajar Kurniawan', 3.04, '1.000.000 - 1.999.999', '500.000 - 999.999', '2020/2021'),
(156, '\\\'AISYAH SUCI PERMATASARI', 3.05, '', '', '2020/2021'),
(157, 'ALVIN ANDRIANSYAH', 3.05, '500.000 - 999.999', '', '2023/2024'),
(158, 'ANDIKA FERDY KURNIAWAN', 3.05, '1.000.000 - 1.999.999', '', '2022/2023'),
(159, 'BAGUS WAHYU PRADANA', 3.05, '1.000.000 - 1.999.999', '', '2020/2021'),
(160, 'BAGUS WAHYU PRADANA', 3.05, '1.000.000 - 1.999.999', '', '2020/2021'),
(161, 'CINDI ARSIDA PUTRI', 3.05, '0 - 500.000', '500.000 - 999.999', '2023/2024'),
(162, 'NGAINUL FALDIANA', 3.05, '0 - 500.000', '0 - 500.000', '2022/2023'),
(163, 'YURA WIZNU PREGIFTA', 3.05, '0 - 500.000', '500.000 - 999.999', '2023/2024'),
(164, 'LAUNIK FATAMMA', 3.07, '0 - 500.000', '0 - 500.000', '2022/2023'),
(165, 'RIDWAN YULINDRA MEGANANDA', 3.07, '1.000.000 - 1.999.999', '', '2020/2021'),
(166, 'RIGO FEBBY MAHENDRA', 3.07, '1.000.000 - 1.999.999', '', '2020/2021'),
(167, 'ANDIKA DWI PUTRA', 3.08, '0 - 500.000', '0 - 500.000', '2023/2024'),
(168, 'BAGOES JAELANI KUBRO', 3.08, '0 - 500.000', '0 - 500.000', '2022/2023'),
(169, 'FAISAL MUSTAGHFIRULLAH', 3.08, '1.000.000 - 1.999.999', '', '2022/2023'),
(170, 'NOVIYAN RIZKY RAMADHAN', 3.08, '1.000.000 - 1.999.999', '1.000.000 - 1.999.999', '2023/2024'),
(171, 'RASINTIA LILA YULIANTI', 3.08, '0 - 500.000', '0 - 500.000', '2023/2024'),
(172, 'SHERLY MAYNDHA AYUNINGTYAS', 3.08, '', '1.000.000 - 1.999.999', '2022/2023'),
(173, 'Yofhi Fauda Pradana', 3.08, '', '', '2021/2022'),
(174, 'ARDI RAHMATONI', 3.09, '', '0 - 500.000', '2020/2021'),
(175, 'DANANG SUMINAR DWI CAHYO', 3.09, '500.000 - 999.999', '', '2021/2022'),
(176, 'DEWI PUSPITA NINGRUM', 3.09, '', '', '2020/2021'),
(177, 'EGY DIAS MAHARDIKA', 3.09, '', '', '2020/2021'),
(178, 'HISYAM MU\\\'AMMAR QUSHAYYI', 3.1, '1.000.000 - 1.999.999', '', '2022/2023'),
(179, 'M. ABDURROKHIM AL HIKAM', 3.1, '500.000 - 999.999', '', '2020/2021'),
(180, 'Muhammad Rifqi Aminulloh', 3.1, '', '', '2023/2024'),
(181, 'NOVIA CORNEYLA', 3.1, '', '', '2021/2022'),
(182, 'OSAMA SADDAM LUTFHI', 3.1, '', '', '2022/2023'),
(183, 'ARDITTA NUGRAHINNI', 3.11, '0 - 500.000', '', '2020/2021'),
(184, 'HANUN LUTFIAH', 3.11, '500.000 - 999.999', '0 - 500.000', '2020/2021'),
(185, 'Yusuf Abdullah muzakki ', 3.11, '0 - 500.000', '0 - 500.000', '2020/2021'),
(186, 'BUDI SAPUTRO ', 3.13, '0 - 500.000', '', '2022/2023'),
(187, 'Gazza Nugraha Putra ', 3.13, '1.000.000 - 1.999.999', '500.000 - 999.999', '2022/2023'),
(188, 'HAFIDZ MAULANA ', 3.13, '1.000.000 - 1.999.999', '', '2023/2024'),
(189, 'HENGKI BAGUS SAPUTRA', 3.13, '500.000 - 999.999', '0 - 500.000', '2023/2024'),
(190, 'INTAN ARIMA PRIYANTI', 3.13, '500.000 - 999.999', '0 - 500.000', '2023/2024'),
(191, 'MOHAMAD NATHANDYAJATI WIDYANTO', 3.13, '', '', '2022/2023'),
(192, 'MUHAMMAD QOHAR', 3.13, '0 - 500.000', '500.000 - 999.999', '2020/2021'),
(193, 'RADITYO RAHMADDIONO PUTRA', 3.13, '', '', '2022/2023'),
(194, 'SALMA BELA WATI', 3.13, '', '', '2023/2024'),
(195, 'STEPANUS PRATAMA', 3.13, '0 - 500.000', '0 - 500.000', '2021/2022'),
(196, 'AGNES SEPTIANA MARISCA', 3.14, '0 - 500.000', '0 - 500.000', '2020/2021'),
(197, 'FAKIH KUNCORO', 3.14, '500.000 - 999.999', '0 - 500.000', '2020/2021'),
(198, 'NAMIRA VENTINIA PITALOKA', 3.14, '500.000 - 999.999', '1.000.000 - 1.999.999', '2020/2021'),
(199, 'REZA DICKIPRABOWO', 3.14, '', '500.000 - 999.999', '2020/2021'),
(200, 'YUSRON WIRAWANTO', 3.14, '1.000.000 - 1.999.999', '', '2020/2021'),
(201, 'AWANGGA BINTANG MAULANA', 3.15, '1.000.000 - 1.999.999', '', '2022/2023'),
(202, 'Bryan Dito Pallesa', 3.15, '1.000.000 - 1.999.999', '1.000.000 - 1.999.999', '2023/2024'),
(203, 'DEVITHA RATU ALAMSYACH', 3.15, '', '', '2021/2022'),
(204, 'Farid Ridwan', 3.15, '0 - 500.000', '', '2023/2024'),
(205, 'MUNIF ARDIANSYAH', 3.15, '1.000.000 - 1.999.999', '500.000 - 999.999', '2022/2023'),
(206, 'NABIL EKA ARDHANI', 3.15, '', '', '2023/2024'),
(207, 'NUR FERDIANSYAH', 3.15, '1.000.000 - 1.999.999', '', '2023/2024'),
(208, 'SYAIKUL MUQOROBIN', 3.15, '0 - 500.000', '', '2022/2023'),
(209, 'AURORA NUR KUSUMA', 3.17, '1.000.000 - 1.999.999', '1.000.000 - 1.999.999', '2022/2023'),
(210, 'FERDYNAND MUSTOFA HULAIMY', 3.17, '', '1.000.000 - 1.999.999', '2022/2023'),
(211, 'NUWAF FAJAR RAMADHAN', 3.17, '500.000 - 999.999', '', '2022/2023'),
(212, 'NUWAF FAJAR RAMADHAN', 3.17, '500.000 - 999.999', '', '2022/2023'),
(213, 'Rizaldi Ahya Fauzi', 3.17, '', '', '2020/2021'),
(214, ' BAGUS NURHANNUDIN', 3.18, '0 - 500.000', '', '2021/2022'),
(215, 'AYU SRI MARDIYANTI', 3.18, '0 - 500.000', '1.000.000 - 1.999.999', '2023/2024'),
(216, 'YAZID FAUZAN NUR ASHFANI', 3.18, '', '', '2021/2022'),
(217, 'ALFO DELIL RISKI ', 3.2, '', '', '2023/2024'),
(218, 'CHOIRI ARDI NUR ROHMAD', 3.2, '500.000 - 999.999', '0 - 500.000', '2023/2024'),
(219, 'EVA DWI YANTI', 3.2, '', '', '2023/2024'),
(220, 'FADHLULLAH YOGA WICAHYONO', 3.2, '', '', '2021/2022'),
(221, 'HARLIA RIZKI FADILA', 3.2, '', '500.000 - 999.999', '2022/2023'),
(222, 'HERU DWI SETIAWAN', 3.2, '0 - 500.000', '0 - 500.000', '2023/2024'),
(223, 'ICHSAN JULI DARMAWAN', 3.2, '0 - 500.000', '', '2023/2024'),
(224, 'kresenzius hidevano tyando putra', 3.2, '', '', '2023/2024'),
(225, 'MOH AZIS ROSYID MUZAKY', 3.2, '', '0 - 500.000', '2021/2022'),
(226, 'Oktavian Dwi Faisul Hasan', 3.2, '', '1.000.000 - 1.999.999', '2023/2024'),
(227, 'YUDA SETIYAWAN                    ', 3.2, '0 - 500.000', '500.000 - 999.999', '2020/2021'),
(228, 'Aldyth Fonda Rachmadani', 3.21, '500.000 - 999.999', '', '2020/2021'),
(229, 'MUHAMMAD UMAR MUSA AL-FARUQ', 3.21, '500.000 - 999.999', '', '2020/2021'),
(230, 'PUTRI MIYA GUNAWAN ', 3.21, '0 - 500.000', '', '2020/2021'),
(231, 'RISMA SITADEWI', 3.21, '500.000 - 999.999', '', '2020/2021'),
(232, 'YOGA PUTRA PRATAMA ', 3.21, '', '', '2021/2022'),
(233, 'MUHAMAD FIKRI', 3.23, '1.000.000 - 1.999.999', '500.000 - 999.999', '2021/2022'),
(234, 'MUHAMMAD ANDARA GHAZY AR RAMADHAN', 3.23, '1.000.000 - 1.999.999', '', '2022/2023'),
(235, 'NANDA AGRANDIS', 3.23, '', '', '2022/2023'),
(236, 'DEVI TANIYA AYU SHOLIKAH', 3.24, '500.000 - 999.999', '0 - 500.000', '2021/2022'),
(237, 'Ajudya Andika Putra Pranata', 3.25, '', '', '2020/2021'),
(238, 'Akhmad tio febriansyah', 3.25, '', '', '2022/2023'),
(239, 'Dimas rokhim dwi saputra', 3.25, '1.000.000 - 1.999.999', '1.000.000 - 1.999.999', '2020/2021'),
(240, 'EDWIN FEBRYWINATA', 3.25, '', '', '2021/2022'),
(241, 'Faza Dzakiya Luthfi Kharisma Putra', 3.25, '1.000.000 - 1.999.999', '500.000 - 999.999', '2023/2024'),
(242, 'Rafi Nur Fauzan ', 3.25, '500.000 - 999.999', '500.000 - 999.999', '2022/2023'),
(243, 'Resa Budi Prasetyo', 3.25, '500.000 - 999.999', '', '2021/2022'),
(244, 'SITI MUTHOBINGAH', 3.25, '1.000.000 - 1.999.999', '1.000.000 - 1.999.999', '2020/2021'),
(245, 'Syeda Aliya Bukhari ', 3.25, '1.000.000 - 1.999.999', '', '2021/2022'),
(246, 'Wildan Syauqi Robbi', 3.25, '500.000 - 999.999', '500.000 - 999.999', '2020/2021'),
(247, 'YOVIE NURURHAKIM', 3.25, '500.000 - 999.999', '500.000 - 999.999', '2022/2023'),
(248, 'ZAKI LA TANSA', 3.25, '500.000 - 999.999', '', '2022/2023'),
(249, 'Achsa Bintang Ameylea', 3.26, '', '', '2020/2021'),
(250, 'Dipta Wahyu Pebriansyah', 3.26, '1.000.000 - 1.999.999', '1.000.000 - 1.999.999', '2020/2021'),
(251, 'MUH. SYARIF HIDAYATULLAH', 3.26, '500.000 - 999.999', '500.000 - 999.999', '2020/2021'),
(252, 'GHAUZAR ANDHIKA AKBAR', 3.27, '1.000.000 - 1.999.999', '1.000.000 - 1.999.999', '2020/2021'),
(253, 'AGYA GILAR CAHYONO ', 3.28, '0 - 500.000', '', '2023/2024'),
(254, 'BAYU SAPUTRA ', 3.28, '', '0 - 500.000', '2023/2024'),
(255, 'HANAFI LUQMAN HAKIM', 3.28, '0 - 500.000', '', '2023/2024'),
(256, 'HARJUNA INDRA RAMANDHA', 3.28, '1.000.000 - 1.999.999', '1.000.000 - 1.999.999', '2020/2021'),
(257, 'IBNU BAYU MUSYAFIR', 3.28, '500.000 - 999.999', '', '2023/2024'),
(258, 'Lukman Abdul Hamid Marzuqi ', 3.28, '1.000.000 - 1.999.999', '', '2023/2024'),
(259, 'MUHAMAD ARUNDA DZAKY MUBAROK', 3.28, '', '500.000 - 999.999', '2022/2023'),
(260, 'RIDHO GILANG WICAKSONO', 3.28, '', '', '2022/2023'),
(261, 'SHUCI RIYANA WATI', 3.28, '', '1.000.000 - 1.999.999', '2021/2022'),
(262, 'SUPRIONO', 3.28, '0 - 500.000', '0 - 500.000', '2021/2022'),
(263, 'AHMAD CHOIRUL ANWARI', 3.29, '500.000 - 999.999', '0 - 500.000', '2021/2022'),
(264, 'intan wahyu widya saputri', 3.29, '', '', '2022/2023'),
(265, 'ADITYA ANDRIAN KRISNA BUDI', 3.3, '500.000 - 999.999', '', '2023/2024'),
(266, 'DIAZ FIRMANSYAH PUTRA ', 3.3, '', '', '2022/2023'),
(267, 'MAULANA YUSUF ALWI', 3.3, '1.000.000 - 1.999.999', '', '2023/2024'),
(268, 'Muhammad Zainur Roziqin', 3.3, '500.000 - 999.999', '', '2021/2022'),
(269, 'Obriliandestra Rexana Risto', 3.3, '1.000.000 - 1.999.999', '500.000 - 999.999', '2022/2023'),
(270, 'ONKY LAVIO RIDHA FERNANDA', 3.3, '0 - 500.000', '0 - 500.000', '2021/2022'),
(271, 'RENDI YUSPRAMANA PUTRA', 3.3, '1.000.000 - 1.999.999', '', '2023/2024'),
(272, 'DINDA APRILIA MUTIARA SARI', 3.32, '', '500.000 - 999.999', '2020/2021'),
(273, 'LINA DWI JAYANTI ', 3.32, '500.000 - 999.999', '0 - 500.000', '2020/2021'),
(274, 'SHAILATUL FIRDHOSSIAH', 3.32, '0 - 500.000', '0 - 500.000', '2020/2021'),
(275, 'SONIA PEBI MERDIANA', 3.32, '1.000.000 - 1.999.999', '1.000.000 - 1.999.999', '2021/2022'),
(276, 'ARI AMBARWATI', 3.33, '500.000 - 999.999', '', '2021/2022'),
(277, 'FAIZ DANENDRA AHNAF PASA', 3.33, '', '', '2021/2022'),
(278, 'OKTI LIKSYAN NITA TAMA', 3.33, '500.000 - 999.999', '0 - 500.000', '2021/2022'),
(279, 'SYAFI\\\\\\\' MUWAFFAQ', 3.33, '', '500.000 - 999.999', '2023/2024'),
(280, 'DEWI RUSMANIAR', 3.35, '', '', '2022/2023'),
(281, 'EGUH RAGA MUSTIKA ', 3.35, '0 - 500.000', '0 - 500.000', '2023/2024'),
(282, 'HAMID ZAINUL RIDHO', 3.35, '500.000 - 999.999', '0 - 500.000', '2022/2023'),
(283, 'JORDI YOGA PRATAMA', 3.35, '500.000 - 999.999', '500.000 - 999.999', '2021/2022'),
(284, 'MAHENDRA BINTANG KUSUMA', 3.35, '', '', '2023/2024'),
(285, 'MEINANDA EKA CAHYANINGRUM', 3.35, '500.000 - 999.999', '', '2022/2023'),
(286, 'MOHAMMAD REZA OKTAVIAN', 3.35, '', '1.000.000 - 1.999.999', '2023/2024'),
(287, 'MUHAMMAD ANGGA KURNIAWAN', 3.35, '1.000.000 - 1.999.999', '1.000.000 - 1.999.999', '2020/2021'),
(288, 'SILVI PUTRI MUJI HASTUTI', 3.35, '1.000.000 - 1.999.999', '0 - 500.000', '2020/2021'),
(289, 'VIGOTA ABYAN FERNANDO', 3.35, '1.000.000 - 1.999.999', '1.000.000 - 1.999.999', '2023/2024'),
(290, 'WIDYAWATI', 3.35, '500.000 - 999.999', '500.000 - 999.999', '2022/2023'),
(291, 'BERNAGITA WAHYU SETYABUDI', 3.38, '', '', '2022/2023'),
(292, 'DAVID FERNANDA ADIPRAMANA', 3.38, '', '', '2022/2023'),
(293, 'DHEVI AYU SERKAWATI', 3.38, '500.000 - 999.999', '', '2023/2024'),
(294, 'ERVANY SEPTA PRAWARA ARISANTO', 3.38, '', '', '2022/2023'),
(295, 'FAIZAL FIRDAUS SALAM', 3.38, '0 - 500.000', '0 - 500.000', '2021/2022'),
(296, 'INTIFADA ADE KARTIKA', 3.38, '500.000 - 999.999', '1.000.000 - 1.999.999', '2023/2024'),
(297, 'MOHAMMAD ILHAM MAULANA', 3.38, '0 - 500.000', '', '2023/2024'),
(298, 'RIZKY ALI ROMADHONI', 3.38, '', '', '2022/2023'),
(299, 'SALSABILLA AGUSTIN ', 3.38, '1.000.000 - 1.999.999', '1.000.000 - 1.999.999', '2022/2023'),
(300, 'VALENTINO SHIDNEY HIDAYAT', 3.38, '', '', '2022/2023'),
(301, 'WIMA ALIF HARIANTO', 3.38, '', '', '2021/2022'),
(302, 'AHMAD FAUZAN', 3.39, '1.000.000 - 1.999.999', '0 - 500.000', '2020/2021'),
(303, 'MOCHAMAD RIYAN GUNAWAN', 3.39, '500.000 - 999.999', '500.000 - 999.999', '2021/2022'),
(304, 'RYAN ERLANGGA ARDIANSYAH', 3.39, '', '500.000 - 999.999', '2021/2022'),
(305, 'BELLA PRISKA PUTRI APRILLIA', 3.4, '', '0 - 500.000', '2022/2023'),
(306, 'FERNANDA RIFKY SYAHRIAL ', 3.4, '', '500.000 - 999.999', '2023/2024'),
(307, 'MUHAMMAD SEGA RADIKA PRADANA', 3.4, '1.000.000 - 1.999.999', '', '2023/2024'),
(308, 'ZAKY LUTHFIRANA ROIHAN NAFI\\\\\\\'', 3.41, '500.000 - 999.999', '500.000 - 999.999', '2021/2022'),
(309, 'BAGUS SETYO KURNIAWAN', 3.43, '1.000.000 - 1.999.999', '500.000 - 999.999', '2023/2024'),
(310, 'DEAVITA DYAH AYU SAFITRI', 3.43, '', '500.000 - 999.999', '2022/2023'),
(311, 'GALANG FINTO ANERGI ', 3.43, '', '1.000.000 - 1.999.999', '2023/2024'),
(312, 'HAICAL HAFIZI', 3.43, '500.000 - 999.999', '', '2022/2023'),
(313, 'MELINDA NUR SAHIRA', 3.43, '1.000.000 - 1.999.999', '', '2022/2023'),
(314, 'MEYTA NAJMA KHULOUD AZHARY', 3.43, '1.000.000 - 1.999.999', '', '2023/2024'),
(315, 'MUHAMMAD IBNU PRADIPTA', 3.43, '', '', '2023/2024'),
(316, 'Muhammad Nur Arifin', 3.43, '0 - 500.000', '', '2023/2024'),
(317, 'RAMA DANI', 3.43, '0 - 500.000', '1.000.000 - 1.999.999', '2020/2021'),
(318, 'YUZRIL MAULANA IHZA', 3.43, '0 - 500.000', '', '2021/2022'),
(319, 'AULIA AHMAD AFFAISAL', 3.44, '', '', '2021/2022'),
(320, 'BALYA FAUZIA SYA\\\'RONI', 3.44, '1.000.000 - 1.999.999', '0 - 500.000', '2021/2022'),
(321, 'Octadear Reza Kurniawan', 3.44, '1.000.000 - 1.999.999', '1.000.000 - 1.999.999', '2023/2024'),
(322, 'DIAN ANISA AGUSTINA', 3.45, '500.000 - 999.999', '', '2021/2022'),
(323, 'FAZA ILMAL MUGHNI ', 3.45, '0 - 500.000', '0 - 500.000', '2023/2024'),
(324, 'FIRSTYAN FERDI FIRDAUS', 3.45, '1.000.000 - 1.999.999', '1.000.000 - 1.999.999', '2023/2024'),
(325, 'KHOIRUL RIZQI', 3.45, '1.000.000 - 1.999.999', '', '2022/2023'),
(326, 'Ramdhan Khosim Nur Ikhsan', 3.45, '1.000.000 - 1.999.999', '', '2022/2023'),
(327, 'TRI HANDAYANI', 3.45, '', '', '2021/2022'),
(328, 'ZAHROTUL ILMI WIJAYANTI', 3.45, '500.000 - 999.999', '500.000 - 999.999', '2021/2022'),
(329, 'BELLA AMELIA INDIRA PUTRI', 3.47, '1.000.000 - 1.999.999', '', '2021/2022'),
(330, 'DIMAS SANTOSA', 3.47, '', '500.000 - 999.999', '2021/2022'),
(331, 'BINAR WANANDI PUTRA', 3.48, '', '', '2020/2021'),
(332, 'DANANG SETYO WIBOWO', 3.48, '', '', '2022/2023'),
(333, 'DICKA ANGGER MUKTI WIBOWO', 3.48, '1.000.000 - 1.999.999', '500.000 - 999.999', '2022/2023'),
(334, 'FAJAR TRI WIDODO', 3.48, '500.000 - 999.999', '', '2021/2022'),
(335, 'FEMBRI HARIS HAFILUDIN', 3.48, '500.000 - 999.999', '', '2022/2023'),
(336, 'FIRA DESWARA', 3.48, '500.000 - 999.999', '', '2022/2023'),
(337, 'GALIH SETYO NUGROHO ', 3.48, '1.000.000 - 1.999.999', '0 - 500.000', '2023/2024'),
(338, 'HELVY AURILIA', 3.48, '500.000 - 999.999', '', '2022/2023'),
(339, 'JALU SENA PURWA ANDHIKA ', 3.48, '', '', '2022/2023'),
(340, 'RAFLY ULHUDHAMA', 3.48, '1.000.000 - 1.999.999', '1.000.000 - 1.999.999', '2023/2024'),
(341, 'ANNISAA IRSALINA RAZITA', 3.5, '1.000.000 - 1.999.999', '', '2022/2023'),
(342, 'DARAS FADILA', 3.5, '', '', '2021/2022'),
(343, 'Desy intan permatasari', 3.5, '500.000 - 999.999', '', '2021/2022'),
(344, 'FEBRI HUSNA PRADILA MUKTI ', 3.5, '500.000 - 999.999', '', '2021/2022'),
(345, 'FRENDY PRADANA PUTRA', 3.5, '500.000 - 999.999', '0 - 500.000', '2021/2022'),
(346, 'GILANG DWI SAPUTRA', 3.5, '500.000 - 999.999', '', '2021/2022'),
(347, 'LUGAS HERMANTO ', 3.5, '500.000 - 999.999', '', '2022/2023'),
(348, 'MOHAMMAD SYAH IBRAHIM', 3.5, '500.000 - 999.999', '0 - 500.000', '2023/2024'),
(349, 'MUH NAILAR RAZA', 3.5, '', '', '2021/2022'),
(350, 'MUHAMMAD TAUFIK HIDAYAT', 3.5, '500.000 - 999.999', '500.000 - 999.999', '2023/2024'),
(351, 'RECKY ANGGUN SAPUTRA', 3.5, '0 - 500.000', '', '2020/2021'),
(352, 'Rianawati', 3.5, '0 - 500.000', '1.000.000 - 1.999.999', '2020/2021'),
(353, 'WAHYU PRIAMBODO', 3.5, '500.000 - 999.999', '', '2022/2023'),
(354, 'ANDI MUHAMAD KURNIAWAN ', 3.52, '1.000.000 - 1.999.999', '', '2022/2023'),
(355, 'ERNA ERAWATI', 3.52, '0 - 500.000', '0 - 500.000', '2022/2023'),
(356, ' FARAH AFI FEBRIYANTI', 3.53, '0 - 500.000', '0 - 500.000', '2021/2022'),
(357, 'APRILIA FIAJAR RINA', 3.53, '0 - 500.000', '', '2022/2023'),
(358, 'HAKIQI ALMAJID', 3.53, '0 - 500.000', '', '2022/2023'),
(359, 'MAHARDIKA YOSHI PUTRA', 3.53, '0 - 500.000', '0 - 500.000', '2021/2022'),
(360, 'MIFTA RAHAYU ', 3.53, '500.000 - 999.999', '', '2022/2023'),
(361, 'WAHYU ARDHIYAS SAPUTRA ', 3.53, '', '', '2022/2023'),
(362, 'RIYAN FEBRI SETIAWAN', 3.54, '1.000.000 - 1.999.999', '', '2022/2023'),
(363, 'FIRMAN ASHR ROZAQULLAH', 3.55, '1.000.000 - 1.999.999', '', '2022/2023'),
(364, 'INTIN RISTA PRATIWI', 3.55, '1.000.000 - 1.999.999', '0 - 500.000', '2021/2022'),
(365, 'rafli devano danendra ', 3.55, '', '', '2022/2023'),
(366, 'Setyo Noviantoro', 3.55, '', '', '2020/2021'),
(367, 'INNAYATUL CHOIRUL AMIRUL AMIN', 3.56, '0 - 500.000', '0 - 500.000', '2021/2022'),
(368, 'INTAN SARFINA', 3.56, '0 - 500.000', '', '2021/2022'),
(369, 'FERGIAWAN RESTIANTO', 3.57, '500.000 - 999.999', '500.000 - 999.999', '2020/2021'),
(370, 'Lukman Teguh Priyatin', 3.57, '', '', '2022/2023'),
(371, 'RIYAN ESNA PRATAMA', 3.57, '500.000 - 999.999', '0 - 500.000', '2022/2023'),
(372, 'ALI JA\\\'FAR', 3.58, '', '', '2023/2024'),
(373, 'AMANDA ZULFI KURNIA TSANI', 3.58, '500.000 - 999.999', '', '2021/2022'),
(374, 'CAMELLEN CALVIN YONUSON', 3.58, '', '', '2022/2023'),
(375, 'DIONDA FIRDAUS YUANDES', 3.58, '500.000 - 999.999', '', '2022/2023'),
(376, 'HAFIZH TRISNA INDARTO', 3.58, '1.000.000 - 1.999.999', '1.000.000 - 1.999.999', '2022/2023'),
(377, 'IBNU ROSYIDA AFIF', 3.58, '0 - 500.000', '0 - 500.000', '2022/2023'),
(378, 'M. ARDIFA RIZQI RAMADHAN', 3.58, '', '', '2022/2023'),
(379, 'MOHAMMAD ZISNU KENJANA PAKSI', 3.58, '', '0 - 500.000', '2023/2024'),
(380, 'RISMA WAFI SAPUTRI', 3.58, '500.000 - 999.999', '500.000 - 999.999', '2023/2024'),
(381, 'SEPTIAN HANIF LUTHFI', 3.58, '', '', '2023/2024'),
(382, 'SILVIANA PUSPANINGRUM', 3.58, '0 - 500.000', '', '2022/2023'),
(383, 'STANLEY RANGGA YUDHA ', 3.58, '1.000.000 - 1.999.999', '1.000.000 - 1.999.999', '2022/2023'),
(384, 'VIVALDI ROYHAN MAULANA', 3.58, '1.000.000 - 1.999.999', '', '2023/2024'),
(385, 'ANITA DIAH RAHMA NINGRUM', 3.59, '0 - 500.000', '0 - 500.000', '2022/2023'),
(386, 'BAHRUL ZULFAHMI ', 3.6, '500.000 - 999.999', '', '2020/2021'),
(387, 'DWI RAHIATUL SELA', 3.6, '0 - 500.000', '0 - 500.000', '2022/2023'),
(388, 'MUHAMMAD AMIRUL MUCHMINIIN', 3.6, '', '', '2022/2023'),
(389, 'SALMAN AL FARISI', 3.6, '', '', '2021/2022'),
(390, 'ELINDA LUSYANA PUJI RISTANTI', 3.62, '500.000 - 999.999', '500.000 - 999.999', '2021/2022'),
(391, 'NABELLA DARAFRISCA PRASADA', 3.62, '', '', '2021/2022'),
(392, 'ANGEL ENDRIKA FAIZA NURFADIA', 3.63, '1.000.000 - 1.999.999', '', '2022/2023'),
(393, 'ARYONO', 3.63, '', '0 - 500.000', '2021/2022'),
(394, 'DESI ROMDANI PUTRI PAMUNGKAS', 3.63, '0 - 500.000', '0 - 500.000', '2022/2023'),
(395, 'FAIZAL ANWAR', 3.63, '', '', '2023/2024'),
(396, 'LAILATUL NUR ROHMAH', 3.63, '500.000 - 999.999', '', '2022/2023'),
(397, 'Lalang Indra Bachtiar ', 3.63, '', '', '2022/2023'),
(398, 'SUNARI', 3.63, '', '', '2022/2023'),
(399, 'VIKA NOR AZIZAH', 3.63, '0 - 500.000', '', '2023/2024'),
(400, 'MOH RIDWAN OKTAVIAN ', 3.64, '0 - 500.000', '0 - 500.000', '2020/2021'),
(401, 'AFIGO AZUS ZAKKYFRIZA', 3.65, '500.000 - 999.999', '500.000 - 999.999', '2022/2023'),
(402, 'ANDIKA NUR PRATAMA', 3.65, '500.000 - 999.999', '500.000 - 999.999', '2021/2022'),
(403, 'ARGA FAUZI INDRATNA ', 3.65, '', '0 - 500.000', '2022/2023'),
(404, 'Duatama ari mukti', 3.65, '500.000 - 999.999', '', '2022/2023'),
(405, 'M.B. GIGIH BASKORO ASHARI', 3.65, '500.000 - 999.999', '', '2021/2022'),
(406, 'OCTAVIAN FAJAR RAMADANY', 3.65, '', '', '2022/2023'),
(407, 'DIMAS ANDIKA PERDHANA', 3.67, '', '', '2022/2023'),
(408, 'ERIAN SUGENG YUZAKKI KURNIAWAN ', 3.67, '0 - 500.000', '', '2021/2022'),
(409, 'KHARISMA WAHYU WIBOWO', 3.68, '500.000 - 999.999', '500.000 - 999.999', '2022/2023'),
(410, 'MUHAMMAD ALFIYAN NUUR', 3.68, '0 - 500.000', '0 - 500.000', '2021/2022'),
(411, 'MUHAMMAD KEVIN ANDRIAN RAHMADHANI', 3.68, '', '0 - 500.000', '2022/2023'),
(412, 'USAMAH PUTRA FIRDAUS', 3.68, '', '', '2021/2022'),
(413, 'ABDUL ROSYID', 3.7, '1.000.000 - 1.999.999', '1.000.000 - 1.999.999', '2023/2024'),
(414, 'AISROTUL TYO NURLISA', 3.7, '', '0 - 500.000', '2022/2023'),
(415, 'ERMAWATI ALMUNAWARAH', 3.7, '500.000 - 999.999', '500.000 - 999.999', '2022/2023'),
(416, 'MUH BAYU ADJIE NUGROHO', 3.7, '500.000 - 999.999', '', '2023/2024'),
(417, 'NERISSA NIKMATUL QOIRIYAH', 3.7, '1.000.000 - 1.999.999', '0 - 500.000', '2022/2023'),
(418, 'PRASETYA RISKI WA\\\'AFAN', 3.7, '500.000 - 999.999', '', '2023/2024'),
(419, 'WENDY SAFRILIAN NUGRAHA', 3.7, '1.000.000 - 1.999.999', '', '2023/2024'),
(420, 'HANNA SYAHIDA ALAWI', 3.72, '500.000 - 999.999', '0 - 500.000', '2020/2021'),
(421, 'DIAN YENDRA DWI SAPUTRA', 3.73, '', '0 - 500.000', '2022/2023'),
(422, 'ERDIN WILDAN AHSANI', 3.73, '', '', '2022/2023'),
(423, 'FAIRUZ DESTEA HAFSHA PERMANASARI', 3.73, '', '', '2022/2023'),
(424, 'KARTIKA NUR ANGGRAENI', 3.73, '500.000 - 999.999', '', '2021/2022'),
(425, 'MUHAMMAD HANIF RIFAI', 3.73, '', '1.000.000 - 1.999.999', '2022/2023'),
(426, 'NILA MAHARDIKA TIARA SARI', 3.73, '500.000 - 999.999', '', '2022/2023'),
(427, 'Rifa\\\'i Rizal Fauzi', 3.73, '1.000.000 - 1.999.999', '1.000.000 - 1.999.999', '2022/2023'),
(428, 'RIZKA ITSMATUL JANNAH', 3.73, '0 - 500.000', '0 - 500.000', '2022/2023'),
(429, 'Titan Apriliyan Nadine Ananta', 3.73, '', '1.000.000 - 1.999.999', '2022/2023'),
(430, 'ANANDA MAYSELA NUR ROHMA', 3.74, '500.000 - 999.999', '', '2021/2022'),
(431, 'GITA AGUSTIGUNA SIDIK', 3.74, '', '1.000.000 - 1.999.999', '2021/2022'),
(432, 'Dwi Rahmawati', 3.75, '', '', '2022/2023'),
(433, 'Aji Wibawantoro', 3.76, '1.000.000 - 1.999.999', '1.000.000 - 1.999.999', '2021/2022'),
(434, 'HANIFA MUKAROMATUN NIKMAH', 3.78, '1.000.000 - 1.999.999', '0 - 500.000', '2022/2023'),
(435, 'Ridho Akbar Nuryadin', 3.78, '500.000 - 999.999', '500.000 - 999.999', '2020/2021'),
(436, 'Zulfiqli Kurniawan', 3.78, '1.000.000 - 1.999.999', '0 - 500.000', '2022/2023'),
(437, 'ALFI NURIYATUL HEKMAAH', 3.79, '0 - 500.000', '0 - 500.000', '2020/2021'),
(438, 'ANANDA AZIZUL HAKIM', 3.79, '500.000 - 999.999', '0 - 500.000', '2021/2022'),
(439, 'MUNA SINTYA ELYZA PUTRI', 3.79, '', '1.000.000 - 1.999.999', '2021/2022'),
(440, 'SEPTIANA MEILANI PUTRI PAWITI', 3.79, '500.000 - 999.999', '0 - 500.000', '2020/2021'),
(441, 'ADY PUTRA MAHESTRA ', 3.8, '', '', '2021/2022'),
(442, 'CINDY ALYA PUTRI', 3.8, '', '', '2022/2023'),
(443, 'DIMAS ALIF MURSYIDIN', 3.8, '', '', '2021/2022'),
(444, 'GALANG AKBAR FATONI', 3.8, '1.000.000 - 1.999.999', '', '2022/2023'),
(445, 'HENRI YUNAN', 3.8, '0 - 500.000', '', '2022/2023'),
(446, 'NANDA SISKA SETYO PUTRI', 3.8, '1.000.000 - 1.999.999', '500.000 - 999.999', '2022/2023'),
(447, 'PANJI SIWININDYA PUTRA', 3.8, '0 - 500.000', '500.000 - 999.999', '2022/2023'),
(448, 'REVALDY ALEXANDRA PUTRA', 3.8, '0 - 500.000', '', '2022/2023'),
(449, 'Yuliana Syajiddah', 3.8, '', '1.000.000 - 1.999.999', '2021/2022'),
(450, 'Oky Pratama Sejati', 3.81, '', '1.000.000 - 1.999.999', '2020/2021'),
(451, 'PRAMU LISTIYAN DWI SAPUTRA', 3.81, '', '', '2021/2022'),
(452, 'LAZUARDI IRHAM KARAMAN', 3.85, '1.000.000 - 1.999.999', '', '2023/2024'),
(453, 'RIFAL ARIYA YUSUFTRIAN', 3.85, '1.000.000 - 1.999.999', '', '2022/2023'),
(454, 'VERNANDA WAHYU DWI SAPUTRA', 3.85, '1.000.000 - 1.999.999', '', '2020/2021'),
(455, 'RAFI NUR ANNAS', 3.86, '1.000.000 - 1.999.999', '', '2020/2021'),
(456, 'EFI MUKAROMAH', 3.89, '500.000 - 999.999', '', '2021/2022'),
(457, 'TARISA AULIYA RAMADHANI', 3.89, '1.000.000 - 1.999.999', '1.000.000 - 1.999.999', '2020/2021'),
(458, 'YOSA ADYTIA PRATAMA ', 3.89, '500.000 - 999.999', '', '2021/2022'),
(459, 'MUHAMMAD ARSAYUAN WIJAYA', 3.93, '', '', '2022/2023'),
(460, 'MUHAMMAD HISAM ASZAINI', 3.93, '1.000.000 - 1.999.999', '', '2022/2023'),
(461, 'RIZKY ACHMAD NAUFAL ', 3.93, '', '', '2022/2023'),
(462, 'ANGGORO PAMBUKO CAHYO S.', 4, '', '', '2021/2022'),
(463, 'ANNISA AULIA WARDHANI ', 4, '500.000 - 999.999', '', '2020/2021'),
(464, 'NALDHI FAHMI HASAN', 4, '', '', '2021/2022'),
(465, 'NANDA SAFIQ ALFIANSYAH', 4, '0 - 500.000', '', '2021/2022'),
(466, 'SINCAN MAULANA', 4, '', '', '2021/2022'),
(467, 'SINDY MAYNANDA MUSLIHAH', 4, '1.000.000 - 1.999.999', '500.000 - 999.999', '2020/2021'),
(468, 'ZAKIA ACCESS ASMAUL KHUSNA', 4, '1.000.000 - 1.999.999', '0 - 500.000', '2021/2022');

--
-- Indexes for dumped tables
--

--
-- Indeks untuk tabel `cluster`
--
ALTER TABLE `cluster`
  ADD PRIMARY KEY (`id`);

--
-- Indeks untuk tabel `hasil_clustering`
--
ALTER TABLE `hasil_clustering`
  ADD PRIMARY KEY (`id`),
  ADD KEY `mahasiswa_id` (`mahasiswa_id`),
  ADD KEY `cluster_id` (`cluster_id`);

--
-- Indeks untuk tabel `mahasiswa`
--
ALTER TABLE `mahasiswa`
  ADD PRIMARY KEY (`id`);

--
-- AUTO_INCREMENT untuk tabel yang dibuang
--

--
-- AUTO_INCREMENT untuk tabel `cluster`
--
ALTER TABLE `cluster`
  MODIFY `id` int(11) NOT NULL AUTO_INCREMENT, AUTO_INCREMENT=4;

--
-- AUTO_INCREMENT untuk tabel `hasil_clustering`
--
ALTER TABLE `hasil_clustering`
  MODIFY `id` int(11) NOT NULL AUTO_INCREMENT, AUTO_INCREMENT=2346;

--
-- AUTO_INCREMENT untuk tabel `mahasiswa`
--
ALTER TABLE `mahasiswa`
  MODIFY `id` int(11) NOT NULL AUTO_INCREMENT, AUTO_INCREMENT=472;

--
-- Ketidakleluasaan untuk tabel pelimpahan (Dumped Tables)
--

--
-- Ketidakleluasaan untuk tabel `hasil_clustering`
--
ALTER TABLE `hasil_clustering`
  ADD CONSTRAINT `hasil_clustering_ibfk_1` FOREIGN KEY (`mahasiswa_id`) REFERENCES `mahasiswa` (`id`),
  ADD CONSTRAINT `hasil_clustering_ibfk_2` FOREIGN KEY (`cluster_id`) REFERENCES `cluster` (`id`);
COMMIT;

/*!40101 SET CHARACTER_SET_CLIENT=@OLD_CHARACTER_SET_CLIENT */;
/*!40101 SET CHARACTER_SET_RESULTS=@OLD_CHARACTER_SET_RESULTS */;
/*!40101 SET COLLATION_CONNECTION=@OLD_COLLATION_CONNECTION */;
