-- phpMyAdmin SQL Dump
-- version 5.2.1
-- https://www.phpmyadmin.net/
--
-- Host: 127.0.0.1
-- Waktu pembuatan: 01 Agu 2024 pada 00.38
-- Versi server: 10.4.32-MariaDB
-- Versi PHP: 8.2.12

SET SQL_MODE = "NO_AUTO_VALUE_ON_ZERO";
START TRANSACTION;
SET time_zone = "+00:00";


/*!40101 SET @OLD_CHARACTER_SET_CLIENT=@@CHARACTER_SET_CLIENT */;
/*!40101 SET @OLD_CHARACTER_SET_RESULTS=@@CHARACTER_SET_RESULTS */;
/*!40101 SET @OLD_COLLATION_CONNECTION=@@COLLATION_CONNECTION */;
/*!40101 SET NAMES utf8mb4 */;

--
-- Database: `beasiswa_db`
--

-- --------------------------------------------------------

--
-- Struktur dari tabel `cluster`
--

CREATE TABLE `cluster` (
  `id` int(11) NOT NULL,
  `nama` varchar(50) NOT NULL,
  `keterangan` varchar(50) NOT NULL,
  `code` varchar(2) NOT NULL
) ENGINE=InnoDB DEFAULT CHARSET=utf8mb4 COLLATE=utf8mb4_general_ci;

--
-- Dumping data untuk tabel `cluster`
--

INSERT INTO `cluster` (`id`, `nama`, `keterangan`, `code`) VALUES
(1, 'Cluster Pertama', 'Layak', 'C1'),
(2, 'Cluster Kedua', 'Dipertimbangkan', 'C2'),
(3, 'Cluster Ketiga', 'Tidak Layak', 'C3');

-- --------------------------------------------------------

--
-- Struktur dari tabel `hasil_clustering`
--

CREATE TABLE `hasil_clustering` (
  `id` int(11) NOT NULL,
  `mahasiswa_id` int(11) DEFAULT NULL,
  `cluster_id` int(11) DEFAULT NULL,
  `tanggal_clustering` datetime DEFAULT current_timestamp()
) ENGINE=InnoDB DEFAULT CHARSET=utf8mb4 COLLATE=utf8mb4_general_ci;

--
-- Dumping data untuk tabel `hasil_clustering`
--

INSERT INTO `hasil_clustering` (`id`, `mahasiswa_id`, `cluster_id`, `tanggal_clustering`) VALUES
(4198, 505, 1, '2024-07-31 20:45:55'),
(4199, 522, 1, '2024-07-31 20:45:55'),
(4200, 529, 1, '2024-07-31 20:45:55'),
(4201, 533, 1, '2024-07-31 20:45:55'),
(4202, 535, 1, '2024-07-31 20:45:55'),
(4203, 536, 1, '2024-07-31 20:45:55'),
(4204, 537, 1, '2024-07-31 20:45:55'),
(4205, 539, 1, '2024-07-31 20:45:55'),
(4206, 540, 1, '2024-07-31 20:45:55'),
(4207, 541, 1, '2024-07-31 20:45:55'),
(4208, 543, 1, '2024-07-31 20:45:55'),
(4209, 546, 1, '2024-07-31 20:45:55'),
(4210, 552, 1, '2024-07-31 20:45:55'),
(4211, 555, 1, '2024-07-31 20:45:55'),
(4212, 556, 1, '2024-07-31 20:45:55'),
(4213, 559, 1, '2024-07-31 20:45:55'),
(4214, 561, 1, '2024-07-31 20:45:55'),
(4215, 563, 1, '2024-07-31 20:45:55'),
(4216, 566, 1, '2024-07-31 20:45:55'),
(4217, 568, 1, '2024-07-31 20:45:55'),
(4218, 570, 1, '2024-07-31 20:45:55'),
(4219, 572, 1, '2024-07-31 20:45:55'),
(4220, 573, 1, '2024-07-31 20:45:55'),
(4221, 574, 1, '2024-07-31 20:45:55'),
(4222, 576, 1, '2024-07-31 20:45:55'),
(4223, 577, 1, '2024-07-31 20:45:55'),
(4224, 579, 1, '2024-07-31 20:45:55'),
(4225, 580, 1, '2024-07-31 20:45:55'),
(4226, 581, 1, '2024-07-31 20:45:55'),
(4227, 583, 1, '2024-07-31 20:45:55'),
(4228, 585, 1, '2024-07-31 20:45:55'),
(4229, 586, 1, '2024-07-31 20:45:55'),
(4230, 587, 1, '2024-07-31 20:45:55'),
(4231, 588, 1, '2024-07-31 20:45:55'),
(4232, 590, 1, '2024-07-31 20:45:55'),
(4233, 591, 1, '2024-07-31 20:45:55'),
(4234, 595, 1, '2024-07-31 20:45:55'),
(4235, 596, 1, '2024-07-31 20:45:55'),
(4236, 597, 1, '2024-07-31 20:45:55'),
(4237, 599, 1, '2024-07-31 20:45:55'),
(4238, 600, 1, '2024-07-31 20:45:55'),
(4239, 603, 1, '2024-07-31 20:45:55'),
(4240, 605, 1, '2024-07-31 20:45:55'),
(4241, 606, 1, '2024-07-31 20:45:55'),
(4242, 608, 1, '2024-07-31 20:45:55'),
(4243, 609, 1, '2024-07-31 20:45:55'),
(4244, 610, 1, '2024-07-31 20:45:55'),
(4245, 611, 1, '2024-07-31 20:45:55'),
(4246, 614, 1, '2024-07-31 20:45:55'),
(4247, 615, 1, '2024-07-31 20:45:55'),
(4248, 616, 1, '2024-07-31 20:45:55'),
(4249, 617, 1, '2024-07-31 20:45:55'),
(4250, 618, 1, '2024-07-31 20:45:55'),
(4251, 621, 1, '2024-07-31 20:45:55'),
(4252, 622, 1, '2024-07-31 20:45:55'),
(4253, 623, 1, '2024-07-31 20:45:55'),
(4254, 626, 1, '2024-07-31 20:45:55'),
(4255, 627, 1, '2024-07-31 20:45:55'),
(4256, 628, 1, '2024-07-31 20:45:55'),
(4257, 629, 1, '2024-07-31 20:45:55'),
(4258, 630, 1, '2024-07-31 20:45:55'),
(4259, 631, 1, '2024-07-31 20:45:55'),
(4260, 632, 1, '2024-07-31 20:45:55'),
(4261, 633, 1, '2024-07-31 20:45:55'),
(4262, 634, 1, '2024-07-31 20:45:55'),
(4263, 635, 1, '2024-07-31 20:45:55'),
(4264, 636, 1, '2024-07-31 20:45:55'),
(4265, 637, 1, '2024-07-31 20:45:55'),
(4266, 638, 1, '2024-07-31 20:45:55'),
(4267, 640, 1, '2024-07-31 20:45:55'),
(4268, 644, 1, '2024-07-31 20:45:55'),
(4269, 647, 1, '2024-07-31 20:45:55'),
(4270, 648, 1, '2024-07-31 20:45:55'),
(4271, 650, 1, '2024-07-31 20:45:55'),
(4272, 652, 1, '2024-07-31 20:45:55'),
(4273, 653, 1, '2024-07-31 20:45:55'),
(4274, 654, 1, '2024-07-31 20:45:55'),
(4275, 655, 1, '2024-07-31 20:45:55'),
(4276, 657, 1, '2024-07-31 20:45:55'),
(4277, 658, 1, '2024-07-31 20:45:55'),
(4278, 659, 1, '2024-07-31 20:45:55'),
(4279, 661, 1, '2024-07-31 20:45:55'),
(4280, 663, 1, '2024-07-31 20:45:55'),
(4281, 664, 1, '2024-07-31 20:45:55'),
(4282, 665, 1, '2024-07-31 20:45:55'),
(4283, 666, 1, '2024-07-31 20:45:55'),
(4284, 668, 1, '2024-07-31 20:45:55'),
(4285, 669, 1, '2024-07-31 20:45:55'),
(4286, 670, 1, '2024-07-31 20:45:55'),
(4287, 673, 1, '2024-07-31 20:45:55'),
(4288, 676, 1, '2024-07-31 20:45:55'),
(4289, 677, 1, '2024-07-31 20:45:55'),
(4290, 680, 1, '2024-07-31 20:45:55'),
(4291, 681, 1, '2024-07-31 20:45:55'),
(4292, 683, 1, '2024-07-31 20:45:55'),
(4293, 684, 1, '2024-07-31 20:45:55'),
(4294, 687, 1, '2024-07-31 20:45:55'),
(4295, 688, 1, '2024-07-31 20:45:55'),
(4296, 689, 1, '2024-07-31 20:45:55'),
(4297, 691, 1, '2024-07-31 20:45:55'),
(4298, 692, 1, '2024-07-31 20:45:55'),
(4299, 696, 1, '2024-07-31 20:45:55'),
(4300, 698, 1, '2024-07-31 20:45:55'),
(4301, 699, 1, '2024-07-31 20:45:55'),
(4302, 700, 1, '2024-07-31 20:45:55'),
(4303, 701, 1, '2024-07-31 20:45:55'),
(4304, 702, 1, '2024-07-31 20:45:55'),
(4305, 703, 1, '2024-07-31 20:45:55'),
(4306, 704, 1, '2024-07-31 20:45:55'),
(4307, 705, 1, '2024-07-31 20:45:55'),
(4308, 706, 1, '2024-07-31 20:45:55'),
(4309, 707, 1, '2024-07-31 20:45:55'),
(4310, 709, 1, '2024-07-31 20:45:55'),
(4311, 710, 1, '2024-07-31 20:45:55'),
(4312, 711, 1, '2024-07-31 20:45:55'),
(4313, 712, 1, '2024-07-31 20:45:55'),
(4314, 714, 1, '2024-07-31 20:45:55'),
(4315, 715, 1, '2024-07-31 20:45:55'),
(4316, 716, 1, '2024-07-31 20:45:55'),
(4317, 717, 1, '2024-07-31 20:45:55'),
(4318, 718, 1, '2024-07-31 20:45:55'),
(4319, 720, 1, '2024-07-31 20:45:55'),
(4320, 722, 1, '2024-07-31 20:45:55'),
(4321, 723, 1, '2024-07-31 20:45:55'),
(4322, 724, 1, '2024-07-31 20:45:55'),
(4323, 726, 1, '2024-07-31 20:45:55'),
(4324, 730, 1, '2024-07-31 20:45:55'),
(4325, 731, 1, '2024-07-31 20:45:55'),
(4326, 732, 1, '2024-07-31 20:45:55'),
(4327, 733, 1, '2024-07-31 20:45:55'),
(4328, 734, 1, '2024-07-31 20:45:55'),
(4329, 735, 1, '2024-07-31 20:45:55'),
(4330, 736, 1, '2024-07-31 20:45:55'),
(4331, 737, 1, '2024-07-31 20:45:55'),
(4332, 738, 1, '2024-07-31 20:45:55'),
(4333, 739, 1, '2024-07-31 20:45:55'),
(4334, 740, 1, '2024-07-31 20:45:55'),
(4335, 741, 1, '2024-07-31 20:45:55'),
(4336, 742, 1, '2024-07-31 20:45:55'),
(4337, 743, 1, '2024-07-31 20:45:55'),
(4338, 745, 1, '2024-07-31 20:45:55'),
(4339, 747, 1, '2024-07-31 20:45:55'),
(4340, 748, 1, '2024-07-31 20:45:55'),
(4341, 749, 1, '2024-07-31 20:45:55'),
(4342, 750, 1, '2024-07-31 20:45:55'),
(4343, 751, 1, '2024-07-31 20:45:55'),
(4344, 752, 1, '2024-07-31 20:45:55'),
(4345, 753, 1, '2024-07-31 20:45:55'),
(4346, 754, 1, '2024-07-31 20:45:55'),
(4347, 757, 1, '2024-07-31 20:45:55'),
(4348, 759, 1, '2024-07-31 20:45:55'),
(4349, 761, 1, '2024-07-31 20:45:55'),
(4350, 762, 1, '2024-07-31 20:45:55'),
(4351, 764, 1, '2024-07-31 20:45:55'),
(4352, 765, 1, '2024-07-31 20:45:55'),
(4353, 766, 1, '2024-07-31 20:45:55'),
(4354, 767, 1, '2024-07-31 20:45:55'),
(4355, 770, 1, '2024-07-31 20:45:55'),
(4356, 771, 1, '2024-07-31 20:45:55'),
(4357, 772, 1, '2024-07-31 20:45:55'),
(4358, 773, 1, '2024-07-31 20:45:55'),
(4359, 774, 1, '2024-07-31 20:45:55'),
(4360, 776, 1, '2024-07-31 20:45:55'),
(4361, 777, 1, '2024-07-31 20:45:55'),
(4362, 778, 1, '2024-07-31 20:45:55'),
(4363, 780, 1, '2024-07-31 20:45:55'),
(4364, 781, 1, '2024-07-31 20:45:55'),
(4365, 782, 1, '2024-07-31 20:45:55'),
(4366, 783, 1, '2024-07-31 20:45:55'),
(4367, 784, 1, '2024-07-31 20:45:55'),
(4368, 785, 1, '2024-07-31 20:45:55'),
(4369, 786, 1, '2024-07-31 20:45:55'),
(4370, 787, 1, '2024-07-31 20:45:55'),
(4371, 788, 1, '2024-07-31 20:45:55'),
(4372, 789, 1, '2024-07-31 20:45:55'),
(4373, 791, 1, '2024-07-31 20:45:55'),
(4374, 792, 1, '2024-07-31 20:45:55'),
(4375, 794, 1, '2024-07-31 20:45:55'),
(4376, 795, 1, '2024-07-31 20:45:55'),
(4377, 796, 1, '2024-07-31 20:45:55'),
(4378, 797, 1, '2024-07-31 20:45:55'),
(4379, 798, 1, '2024-07-31 20:45:55'),
(4380, 799, 1, '2024-07-31 20:45:55'),
(4381, 800, 1, '2024-07-31 20:45:55'),
(4382, 801, 1, '2024-07-31 20:45:55'),
(4383, 802, 1, '2024-07-31 20:45:55'),
(4384, 803, 1, '2024-07-31 20:45:55'),
(4385, 804, 1, '2024-07-31 20:45:55'),
(4386, 805, 1, '2024-07-31 20:45:55'),
(4387, 806, 1, '2024-07-31 20:45:55'),
(4388, 808, 1, '2024-07-31 20:45:55'),
(4389, 811, 1, '2024-07-31 20:45:55'),
(4390, 812, 1, '2024-07-31 20:45:55'),
(4391, 813, 1, '2024-07-31 20:45:55'),
(4392, 814, 1, '2024-07-31 20:45:55'),
(4393, 815, 1, '2024-07-31 20:45:55'),
(4394, 816, 1, '2024-07-31 20:45:55'),
(4395, 817, 1, '2024-07-31 20:45:55'),
(4396, 819, 1, '2024-07-31 20:45:55'),
(4397, 820, 1, '2024-07-31 20:45:55'),
(4398, 821, 1, '2024-07-31 20:45:55'),
(4399, 822, 1, '2024-07-31 20:45:55'),
(4400, 823, 1, '2024-07-31 20:45:55'),
(4401, 824, 1, '2024-07-31 20:45:55'),
(4402, 825, 1, '2024-07-31 20:45:55'),
(4403, 826, 1, '2024-07-31 20:45:55'),
(4404, 827, 1, '2024-07-31 20:45:55'),
(4405, 828, 1, '2024-07-31 20:45:55'),
(4406, 829, 1, '2024-07-31 20:45:55'),
(4407, 831, 1, '2024-07-31 20:45:55'),
(4408, 832, 1, '2024-07-31 20:45:55'),
(4409, 833, 1, '2024-07-31 20:45:55'),
(4410, 834, 1, '2024-07-31 20:45:55'),
(4411, 836, 1, '2024-07-31 20:45:55'),
(4412, 837, 1, '2024-07-31 20:45:55'),
(4413, 838, 1, '2024-07-31 20:45:55'),
(4414, 839, 1, '2024-07-31 20:45:55'),
(4415, 840, 1, '2024-07-31 20:45:55'),
(4416, 841, 1, '2024-07-31 20:45:55'),
(4417, 842, 1, '2024-07-31 20:45:55'),
(4418, 843, 1, '2024-07-31 20:45:55'),
(4419, 846, 1, '2024-07-31 20:45:55'),
(4420, 847, 1, '2024-07-31 20:45:55'),
(4421, 848, 1, '2024-07-31 20:45:55'),
(4422, 849, 1, '2024-07-31 20:45:55'),
(4423, 850, 1, '2024-07-31 20:45:55'),
(4424, 851, 1, '2024-07-31 20:45:55'),
(4425, 853, 1, '2024-07-31 20:45:55'),
(4426, 854, 1, '2024-07-31 20:45:55'),
(4427, 855, 1, '2024-07-31 20:45:55'),
(4428, 856, 1, '2024-07-31 20:45:55'),
(4429, 857, 1, '2024-07-31 20:45:55'),
(4430, 858, 1, '2024-07-31 20:45:55'),
(4431, 859, 1, '2024-07-31 20:45:55'),
(4432, 860, 1, '2024-07-31 20:45:55'),
(4433, 861, 1, '2024-07-31 20:45:55'),
(4434, 862, 1, '2024-07-31 20:45:55'),
(4435, 863, 1, '2024-07-31 20:45:55'),
(4436, 864, 1, '2024-07-31 20:45:55'),
(4437, 865, 1, '2024-07-31 20:45:55'),
(4438, 867, 1, '2024-07-31 20:45:55'),
(4439, 868, 1, '2024-07-31 20:45:55'),
(4440, 869, 1, '2024-07-31 20:45:55'),
(4441, 870, 1, '2024-07-31 20:45:55'),
(4442, 871, 1, '2024-07-31 20:45:55'),
(4443, 872, 1, '2024-07-31 20:45:55'),
(4444, 873, 1, '2024-07-31 20:45:55'),
(4445, 874, 1, '2024-07-31 20:45:55'),
(4446, 875, 1, '2024-07-31 20:45:55'),
(4447, 876, 1, '2024-07-31 20:45:55'),
(4448, 877, 1, '2024-07-31 20:45:55'),
(4449, 878, 1, '2024-07-31 20:45:55'),
(4450, 879, 1, '2024-07-31 20:45:55'),
(4451, 880, 1, '2024-07-31 20:45:55'),
(4452, 881, 1, '2024-07-31 20:45:55'),
(4453, 882, 1, '2024-07-31 20:45:55'),
(4454, 883, 1, '2024-07-31 20:45:55'),
(4455, 884, 1, '2024-07-31 20:45:55'),
(4456, 885, 1, '2024-07-31 20:45:55'),
(4457, 886, 1, '2024-07-31 20:45:55'),
(4458, 887, 1, '2024-07-31 20:45:55'),
(4459, 888, 1, '2024-07-31 20:45:55'),
(4460, 889, 1, '2024-07-31 20:45:55'),
(4461, 890, 1, '2024-07-31 20:45:55'),
(4462, 891, 1, '2024-07-31 20:45:55'),
(4463, 893, 1, '2024-07-31 20:45:55'),
(4464, 894, 1, '2024-07-31 20:45:55'),
(4465, 895, 1, '2024-07-31 20:45:55'),
(4466, 896, 1, '2024-07-31 20:45:55'),
(4467, 897, 1, '2024-07-31 20:45:55'),
(4468, 898, 1, '2024-07-31 20:45:55'),
(4469, 899, 1, '2024-07-31 20:45:55'),
(4470, 900, 1, '2024-07-31 20:45:55'),
(4471, 901, 1, '2024-07-31 20:45:55'),
(4472, 902, 1, '2024-07-31 20:45:55'),
(4473, 903, 1, '2024-07-31 20:45:55'),
(4474, 904, 1, '2024-07-31 20:45:55'),
(4475, 905, 1, '2024-07-31 20:45:55'),
(4476, 906, 1, '2024-07-31 20:45:55'),
(4477, 907, 1, '2024-07-31 20:45:55'),
(4478, 908, 1, '2024-07-31 20:45:55'),
(4479, 909, 1, '2024-07-31 20:45:55'),
(4480, 911, 1, '2024-07-31 20:45:55'),
(4481, 913, 1, '2024-07-31 20:45:55'),
(4482, 914, 1, '2024-07-31 20:45:55'),
(4483, 915, 1, '2024-07-31 20:45:55'),
(4484, 916, 1, '2024-07-31 20:45:55'),
(4485, 917, 1, '2024-07-31 20:45:55'),
(4486, 918, 1, '2024-07-31 20:45:55'),
(4487, 919, 1, '2024-07-31 20:45:55'),
(4488, 921, 1, '2024-07-31 20:45:55'),
(4489, 922, 1, '2024-07-31 20:45:55'),
(4490, 923, 1, '2024-07-31 20:45:55'),
(4491, 925, 1, '2024-07-31 20:45:55'),
(4492, 926, 1, '2024-07-31 20:45:55'),
(4493, 927, 1, '2024-07-31 20:45:55'),
(4494, 929, 1, '2024-07-31 20:45:55'),
(4495, 930, 1, '2024-07-31 20:45:55'),
(4496, 931, 1, '2024-07-31 20:45:55'),
(4497, 932, 1, '2024-07-31 20:45:55'),
(4498, 933, 1, '2024-07-31 20:45:55'),
(4499, 934, 1, '2024-07-31 20:45:55'),
(4500, 935, 1, '2024-07-31 20:45:55'),
(4501, 936, 1, '2024-07-31 20:45:55'),
(4502, 937, 1, '2024-07-31 20:45:55'),
(4503, 475, 2, '2024-07-31 20:45:55'),
(4504, 476, 2, '2024-07-31 20:45:55'),
(4505, 477, 2, '2024-07-31 20:45:55'),
(4506, 478, 2, '2024-07-31 20:45:55'),
(4507, 480, 2, '2024-07-31 20:45:55'),
(4508, 481, 2, '2024-07-31 20:45:55'),
(4509, 483, 2, '2024-07-31 20:45:55'),
(4510, 484, 2, '2024-07-31 20:45:55'),
(4511, 485, 2, '2024-07-31 20:45:55'),
(4512, 486, 2, '2024-07-31 20:45:55'),
(4513, 487, 2, '2024-07-31 20:45:55'),
(4514, 488, 2, '2024-07-31 20:45:55'),
(4515, 489, 2, '2024-07-31 20:45:55'),
(4516, 490, 2, '2024-07-31 20:45:55'),
(4517, 491, 2, '2024-07-31 20:45:55'),
(4518, 492, 2, '2024-07-31 20:45:55'),
(4519, 494, 2, '2024-07-31 20:45:55'),
(4520, 496, 2, '2024-07-31 20:45:55'),
(4521, 498, 2, '2024-07-31 20:45:55'),
(4522, 499, 2, '2024-07-31 20:45:55'),
(4523, 500, 2, '2024-07-31 20:45:55'),
(4524, 501, 2, '2024-07-31 20:45:55'),
(4525, 502, 2, '2024-07-31 20:45:55'),
(4526, 503, 2, '2024-07-31 20:45:55'),
(4527, 504, 2, '2024-07-31 20:45:55'),
(4528, 506, 2, '2024-07-31 20:45:55'),
(4529, 507, 2, '2024-07-31 20:45:55'),
(4530, 508, 2, '2024-07-31 20:45:55'),
(4531, 509, 2, '2024-07-31 20:45:55'),
(4532, 510, 2, '2024-07-31 20:45:55'),
(4533, 511, 2, '2024-07-31 20:45:55'),
(4534, 512, 2, '2024-07-31 20:45:55'),
(4535, 513, 2, '2024-07-31 20:45:55'),
(4536, 514, 2, '2024-07-31 20:45:55'),
(4537, 516, 2, '2024-07-31 20:45:55'),
(4538, 517, 2, '2024-07-31 20:45:55'),
(4539, 518, 2, '2024-07-31 20:45:55'),
(4540, 519, 2, '2024-07-31 20:45:55'),
(4541, 520, 2, '2024-07-31 20:45:55'),
(4542, 521, 2, '2024-07-31 20:45:55'),
(4543, 524, 2, '2024-07-31 20:45:55'),
(4544, 525, 2, '2024-07-31 20:45:55'),
(4545, 526, 2, '2024-07-31 20:45:55'),
(4546, 527, 2, '2024-07-31 20:45:55'),
(4547, 528, 2, '2024-07-31 20:45:55'),
(4548, 530, 2, '2024-07-31 20:45:55'),
(4549, 531, 2, '2024-07-31 20:45:55'),
(4550, 532, 2, '2024-07-31 20:45:55'),
(4551, 534, 2, '2024-07-31 20:45:55'),
(4552, 538, 2, '2024-07-31 20:45:55'),
(4553, 542, 2, '2024-07-31 20:45:55'),
(4554, 544, 2, '2024-07-31 20:45:55'),
(4555, 547, 2, '2024-07-31 20:45:55'),
(4556, 548, 2, '2024-07-31 20:45:55'),
(4557, 549, 2, '2024-07-31 20:45:55'),
(4558, 550, 2, '2024-07-31 20:45:55'),
(4559, 551, 2, '2024-07-31 20:45:55'),
(4560, 553, 2, '2024-07-31 20:45:55'),
(4561, 554, 2, '2024-07-31 20:45:55'),
(4562, 557, 2, '2024-07-31 20:45:55'),
(4563, 558, 2, '2024-07-31 20:45:55'),
(4564, 560, 2, '2024-07-31 20:45:55'),
(4565, 562, 2, '2024-07-31 20:45:55'),
(4566, 564, 2, '2024-07-31 20:45:55'),
(4567, 565, 2, '2024-07-31 20:45:55'),
(4568, 567, 2, '2024-07-31 20:45:55'),
(4569, 569, 2, '2024-07-31 20:45:55'),
(4570, 571, 2, '2024-07-31 20:45:55'),
(4571, 575, 2, '2024-07-31 20:45:55'),
(4572, 578, 2, '2024-07-31 20:45:55'),
(4573, 582, 2, '2024-07-31 20:45:55'),
(4574, 584, 2, '2024-07-31 20:45:55'),
(4575, 589, 2, '2024-07-31 20:45:55'),
(4576, 592, 2, '2024-07-31 20:45:55'),
(4577, 593, 2, '2024-07-31 20:45:55'),
(4578, 594, 2, '2024-07-31 20:45:55'),
(4579, 598, 2, '2024-07-31 20:45:55'),
(4580, 601, 2, '2024-07-31 20:45:55'),
(4581, 602, 2, '2024-07-31 20:45:55'),
(4582, 604, 2, '2024-07-31 20:45:55'),
(4583, 607, 2, '2024-07-31 20:45:55'),
(4584, 612, 2, '2024-07-31 20:45:55'),
(4585, 613, 2, '2024-07-31 20:45:55'),
(4586, 619, 2, '2024-07-31 20:45:55'),
(4587, 620, 2, '2024-07-31 20:45:55'),
(4588, 624, 2, '2024-07-31 20:45:55'),
(4589, 625, 2, '2024-07-31 20:45:55'),
(4590, 639, 2, '2024-07-31 20:45:55'),
(4591, 641, 2, '2024-07-31 20:45:55'),
(4592, 642, 2, '2024-07-31 20:45:55'),
(4593, 643, 2, '2024-07-31 20:45:55'),
(4594, 645, 2, '2024-07-31 20:45:55'),
(4595, 646, 2, '2024-07-31 20:45:55'),
(4596, 649, 2, '2024-07-31 20:45:55'),
(4597, 651, 2, '2024-07-31 20:45:55'),
(4598, 656, 2, '2024-07-31 20:45:55'),
(4599, 660, 2, '2024-07-31 20:45:55'),
(4600, 662, 2, '2024-07-31 20:45:55'),
(4601, 667, 2, '2024-07-31 20:45:55'),
(4602, 671, 2, '2024-07-31 20:45:55'),
(4603, 672, 2, '2024-07-31 20:45:55'),
(4604, 674, 2, '2024-07-31 20:45:55'),
(4605, 675, 2, '2024-07-31 20:45:55'),
(4606, 678, 2, '2024-07-31 20:45:55'),
(4607, 679, 2, '2024-07-31 20:45:55'),
(4608, 682, 2, '2024-07-31 20:45:55'),
(4609, 685, 2, '2024-07-31 20:45:55'),
(4610, 686, 2, '2024-07-31 20:45:55'),
(4611, 690, 2, '2024-07-31 20:45:55'),
(4612, 693, 2, '2024-07-31 20:45:55'),
(4613, 694, 2, '2024-07-31 20:45:55'),
(4614, 695, 2, '2024-07-31 20:45:55'),
(4615, 697, 2, '2024-07-31 20:45:55'),
(4616, 708, 2, '2024-07-31 20:45:55'),
(4617, 713, 2, '2024-07-31 20:45:55'),
(4618, 719, 2, '2024-07-31 20:45:55'),
(4619, 721, 2, '2024-07-31 20:45:55'),
(4620, 725, 2, '2024-07-31 20:45:55'),
(4621, 727, 2, '2024-07-31 20:45:55'),
(4622, 728, 2, '2024-07-31 20:45:55'),
(4623, 729, 2, '2024-07-31 20:45:55'),
(4624, 744, 2, '2024-07-31 20:45:55'),
(4625, 746, 2, '2024-07-31 20:45:55'),
(4626, 755, 2, '2024-07-31 20:45:55'),
(4627, 756, 2, '2024-07-31 20:45:55'),
(4628, 758, 2, '2024-07-31 20:45:55'),
(4629, 760, 2, '2024-07-31 20:45:55'),
(4630, 763, 2, '2024-07-31 20:45:55'),
(4631, 768, 2, '2024-07-31 20:45:55'),
(4632, 769, 2, '2024-07-31 20:45:55'),
(4633, 775, 2, '2024-07-31 20:45:55'),
(4634, 779, 2, '2024-07-31 20:45:55'),
(4635, 790, 2, '2024-07-31 20:45:55'),
(4636, 793, 2, '2024-07-31 20:45:55'),
(4637, 807, 2, '2024-07-31 20:45:55'),
(4638, 809, 2, '2024-07-31 20:45:55'),
(4639, 810, 2, '2024-07-31 20:45:55'),
(4640, 818, 2, '2024-07-31 20:45:55'),
(4641, 830, 2, '2024-07-31 20:45:55'),
(4642, 835, 2, '2024-07-31 20:45:55'),
(4643, 844, 2, '2024-07-31 20:45:55'),
(4644, 845, 2, '2024-07-31 20:45:55'),
(4645, 852, 2, '2024-07-31 20:45:55'),
(4646, 866, 2, '2024-07-31 20:45:55'),
(4647, 892, 2, '2024-07-31 20:45:55'),
(4648, 910, 2, '2024-07-31 20:45:55'),
(4649, 912, 2, '2024-07-31 20:45:55'),
(4650, 920, 2, '2024-07-31 20:45:55'),
(4651, 924, 2, '2024-07-31 20:45:55'),
(4652, 928, 2, '2024-07-31 20:45:55'),
(4653, 479, 3, '2024-07-31 20:45:55'),
(4654, 482, 3, '2024-07-31 20:45:55'),
(4655, 493, 3, '2024-07-31 20:45:55'),
(4656, 495, 3, '2024-07-31 20:45:55'),
(4657, 497, 3, '2024-07-31 20:45:55'),
(4658, 515, 3, '2024-07-31 20:45:55'),
(4659, 523, 3, '2024-07-31 20:45:55'),
(4660, 545, 3, '2024-07-31 20:45:55');

-- --------------------------------------------------------

--
-- Struktur dari tabel `mahasiswa`
--

CREATE TABLE `mahasiswa` (
  `id` int(11) NOT NULL,
  `nama` varchar(255) NOT NULL,
  `ipk` float NOT NULL,
  `penghasilan_ayah` enum('0 - 500.000','500.000 - 999.999','1.000.000 - 1.999.999','2.000.000 - 4.999.999','> 5.000.000') DEFAULT NULL,
  `penghasilan_ibu` enum('0 - 500.000','500.000 - 999.999','1.000.000 - 1.999.999','2.000.000 - 4.999.999','> 5.000.000') DEFAULT NULL,
  `angkatan` varchar(10) NOT NULL,
  `jumlah_tanggungan` int(11) DEFAULT NULL
) ENGINE=InnoDB DEFAULT CHARSET=utf8mb4 COLLATE=utf8mb4_general_ci;

--
-- Dumping data untuk tabel `mahasiswa`
--

INSERT INTO `mahasiswa` (`id`, `nama`, `ipk`, `penghasilan_ayah`, `penghasilan_ibu`, `angkatan`, `jumlah_tanggungan`) VALUES
(475, 'ARIF ARMANSYAH', 1, '500.000 - 999.999', '0 - 500.000', '3', 2022),
(476, 'ENDHANG SATRIO WICAKSONO', 1.07, '500.000 - 999.999', '500.000 - 999.999', '4', 2022),
(477, 'SRI BISMA AHMAD TAUFIK', 1.07, '500.000 - 999.999', '0 - 500.000', '2', 2021),
(478, 'Muhammad Fahrul Arumasi', 1.21, '0 - 500.000', '0 - 500.000', '1', 2021),
(479, 'ILHAM YONATAMA ', 1.33, '2.000.000 - 4.999.999', '2.000.000 - 4.999.999', '1', 2020),
(480, '\\\'IZAAZ ANDIKA ARDIANSYAH ', 1.43, '0 - 500.000', '0 - 500.000', '2', 2022),
(481, 'Rhoni Buana Tri Atmojo', 1.43, '2.000.000 - 4.999.999', '0 - 500.000', '5', 2022),
(482, 'MUHAMMAD ILHAM SUSANTO', 1.54, '2.000.000 - 4.999.999', '2.000.000 - 4.999.999', '2', 2021),
(483, 'ISMAIL BIL HANTORO', 1.6, '1.000.000 - 1.999.999', '1.000.000 - 1.999.999', '3', 2020),
(484, 'FAJAR MIFTAHUL HUDA', 1.62, '0 - 500.000', '0 - 500.000', '2', 2021),
(485, 'Tsaniya Lulu Fauza', 1.63, '2.000.000 - 4.999.999', '0 - 500.000', '1', 2022),
(486, 'ANDIK PRASETIYO', 1.64, '500.000 - 999.999', '0 - 500.000', '3', 2021),
(487, 'ROBY TRI WICAKSONO', 1.64, '1.000.000 - 1.999.999', '0 - 500.000', '3', 2022),
(488, 'Ahmad Maulana Iqbal', 1.71, '2.000.000 - 4.999.999', '0 - 500.000', '2', 2021),
(489, 'FAZYA FADILLA PUTRI BARURI', 1.75, '1.000.000 - 1.999.999', '0 - 500.000', '3', 2021),
(490, 'ERWIN EGA CAHYA', 1.79, '0 - 500.000', '0 - 500.000', '3', 2022),
(491, 'Makhbub Khoirul fikkri', 1.79, '500.000 - 999.999', '500.000 - 999.999', '2', 2021),
(492, 'FAJAR RIANA', 1.8, '500.000 - 999.999', '500.000 - 999.999', '2', 2020),
(493, 'RANING MARDAYANI', 1.8, '2.000.000 - 4.999.999', '2.000.000 - 4.999.999', '1', 2020),
(494, 'VYCCO SANDHI RACHMA ROESTANDI', 1.83, '0 - 500.000', '0 - 500.000', '4', 2021),
(495, 'MUHAMMAD DIVA FAUZI NUR ROSYID', 1.9, '2.000.000 - 4.999.999', '2.000.000 - 4.999.999', '2', 2023),
(496, 'NOVERTA ADITYA PURWANTO', 1.9, '0 - 500.000', '0 - 500.000', '1', 2021),
(497, 'FALAQ ILHAM FAZAL HAQ', 1.91, '2.000.000 - 4.999.999', '2.000.000 - 4.999.999', '2', 2022),
(498, 'TRI BINUKO ', 1.92, '0 - 500.000', '0 - 500.000', '4', 2022),
(499, 'FEBRIAN SULISYANTIO', 1.93, '0 - 500.000', '1.000.000 - 1.999.999', '3', 2023),
(500, 'GILANG ARIAGHI DEVARA', 1.94, '1.000.000 - 1.999.999', '0 - 500.000', '4', 2021),
(501, 'AWANDA BRALIN PRABANDINI', 1.95, '2.000.000 - 4.999.999', '0 - 500.000', '2', 2020),
(502, 'Tyas winantu pambagyo', 2, '500.000 - 999.999', '0 - 500.000', '1', 2023),
(503, 'Natasya Cindy Rafika Cahyaningrum', 2.03, '500.000 - 999.999', '500.000 - 999.999', '1', 2020),
(504, 'DINO ARYA FINANDA', 2.05, '500.000 - 999.999', '500.000 - 999.999', '2', 2023),
(505, 'NASRUL NURCHOLIS', 2.08, '0 - 500.000', '0 - 500.000', '5', 2022),
(506, 'REVA FITRIYANA AL MUSTOFA ', 2.15, '2.000.000 - 4.999.999', '0 - 500.000', '2', 2022),
(507, 'AKMAL PUTRA AL FAIZ', 2.17, '1.000.000 - 1.999.999', '500.000 - 999.999', '3', 2021),
(508, 'Ananda Tegar Dwi Pamungkas', 2.17, '1.000.000 - 1.999.999', '1.000.000 - 1.999.999', '2', 2022),
(509, 'NOVAL DANI SANJAYA', 2.17, '500.000 - 999.999', '1.000.000 - 1.999.999', '1', 2021),
(510, 'FATKHURROHMAN HALUDI', 2.18, '1.000.000 - 1.999.999', '2.000.000 - 4.999.999', '3', 2021),
(511, 'BAGUS RISKY ICHSANHALIM', 2.21, '0 - 500.000', '1.000.000 - 1.999.999', '3', 2021),
(512, 'KRISNA NURHUDA CIPTAPRATAMA', 2.21, '2.000.000 - 4.999.999', '1.000.000 - 1.999.999', '2', 2021),
(513, 'FAHRUR ROZI', 2.22, '500.000 - 999.999', '0 - 500.000', '2', 2021),
(514, 'ARGA JUAN RIZKY MA\\\'RIFATTULLOH', 2.23, '500.000 - 999.999', '0 - 500.000', '1', 2021),
(515, 'RAIHAN WIKU BHAKTI', 2.26, '2.000.000 - 4.999.999', '2.000.000 - 4.999.999', '4', 2020),
(516, 'SEPTA NUGRAHA SAPUTRA', 2.26, '1.000.000 - 1.999.999', '1.000.000 - 1.999.999', '2', 2021),
(517, 'ADRIK JAMALUDIN', 2.28, '0 - 500.000', '2.000.000 - 4.999.999', '3', 2023),
(518, 'SABIKHISMA FIDDINNA RIZKI PRASETYYO', 2.28, '1.000.000 - 1.999.999', '1.000.000 - 1.999.999', '2', 2020),
(519, 'MUHAMMAD ARDIYAN MAULANA', 2.3, '500.000 - 999.999', '500.000 - 999.999', '3', 2022),
(520, 'FERNANDA AZIZ ADEWANA', 2.31, '2.000.000 - 4.999.999', '0 - 500.000', '3', 2022),
(521, 'PANJI HIMAWAN NUR RIZKY R', 2.31, '2.000.000 - 4.999.999', '0 - 500.000', '1', 2021),
(522, 'DIMAS CAHYA PUTRA GUNAWAN', 2.32, '0 - 500.000', '0 - 500.000', '2', 2021),
(523, 'BAGUS PRAYOGA PRAMUDA', 2.33, '> 5.000.000', '1.000.000 - 1.999.999', '2', 2022),
(524, 'DICY ZALFA FIROS ', 2.33, '1.000.000 - 1.999.999', '0 - 500.000', '2', 2023),
(525, 'Muhammad Hana Briliant Asyrofi', 2.33, '2.000.000 - 4.999.999', '0 - 500.000', '2', 2022),
(526, 'FAIZAL AKBAR', 2.35, '500.000 - 999.999', '1.000.000 - 1.999.999', '2', 2023),
(527, 'MUHAMAD RIJALUL ALAM ASHIDQI', 2.43, '2.000.000 - 4.999.999', '1.000.000 - 1.999.999', '2', 2020),
(528, 'AFIDZ BANGUN PRASTYO', 2.47, '500.000 - 999.999', '500.000 - 999.999', '2', 2021),
(529, 'ABU NAIM', 2.48, '0 - 500.000', '0 - 500.000', '2', 2022),
(530, 'ADIB ADZFARUL FUADI', 2.53, '1.000.000 - 1.999.999', '0 - 500.000', '3', 2022),
(531, 'ANGGA FAJAR KUSUMA', 2.53, '2.000.000 - 4.999.999', '0 - 500.000', '3', 2020),
(532, 'DONI KUSUMA ARTA WIJAYA', 2.53, '> 5.000.000', '0 - 500.000', '4', 2022),
(533, 'SETIAWAN JOKO PRAKOSO ', 2.53, '500.000 - 999.999', '0 - 500.000', '1', 2022),
(534, 'ISHAQ', 2.56, '1.000.000 - 1.999.999', '500.000 - 999.999', '2', 2021),
(535, 'FAIZAL ADI NUGROHO ', 2.58, '500.000 - 999.999', '0 - 500.000', '3', 2022),
(536, 'IKSAN MAULANA', 2.58, '0 - 500.000', '0 - 500.000', '4', 2022),
(537, 'NURUL NGIZATI MALIYANA', 2.59, '0 - 500.000', '0 - 500.000', '2', 2021),
(538, 'Ameylia Turfah Rofidah ', 2.63, '1.000.000 - 1.999.999', '0 - 500.000', '5', 2023),
(539, 'Husnul hafizh rosyidiin', 2.63, '0 - 500.000', '0 - 500.000', '2', 2021),
(540, 'LA MARNO', 2.64, '500.000 - 999.999', '0 - 500.000', '3', 2022),
(541, 'AHMAD MUHAMMAD', 2.65, '0 - 500.000', '0 - 500.000', '4', 2023),
(542, 'Deka Cesar Amando', 2.65, '2.000.000 - 4.999.999', '0 - 500.000', '5', 2020),
(543, 'YUNNI ADIYANTARI', 2.65, '500.000 - 999.999', '0 - 500.000', '3', 2021),
(544, 'DICKY RIF\\\'AN FIRMANSYAH', 2.68, '2.000.000 - 4.999.999', '0 - 500.000', '3', 2022),
(545, 'NAUFAL EZRA ARBAN', 2.68, '> 5.000.000', '2.000.000 - 4.999.999', '1', 2023),
(546, 'DAFFA BAGUS APRIALDO', 2.69, '500.000 - 999.999', '0 - 500.000', '1', 2022),
(547, 'YAHYA NOUR FAUZAN', 2.69, '1.000.000 - 1.999.999', '0 - 500.000', '2', 2022),
(548, 'BRYAN GALANG PRAMUNEGARA', 2.7, '1.000.000 - 1.999.999', '500.000 - 999.999', '3', 2022),
(549, 'MUHAMMAD ZAYDAN MUKTAFA', 2.7, '2.000.000 - 4.999.999', '1.000.000 - 1.999.999', '1', 2022),
(550, 'NOV FIARI RAMADHAN', 2.7, '2.000.000 - 4.999.999', '2.000.000 - 4.999.999', '2', 2020),
(551, 'YOGI PRAMOEDYA WIJAKSONO', 2.71, '2.000.000 - 4.999.999', '0 - 500.000', '1', 2022),
(552, 'MOHAMAD VIKAR DIO LOPES ISLAMI', 2.72, '0 - 500.000', '0 - 500.000', '1', 2020),
(553, 'MUHAMMAD IBNU ATHOILLAH ', 2.73, '1.000.000 - 1.999.999', '0 - 500.000', '1', 2022),
(554, 'ZAHRANI AGMA ARDHIANI, A.MA', 2.73, '2.000.000 - 4.999.999', '2.000.000 - 4.999.999', '2', 2022),
(555, 'MUHAMMAD FIKROTUL ULYA AS-SIDDIEQ', 2.74, '500.000 - 999.999', '0 - 500.000', '2', 2021),
(556, 'ALIEFAH SYALMA RATSDEA MUFTTI', 2.75, '500.000 - 999.999', '0 - 500.000', '4', 2021),
(557, 'HAYKAL GAZA MUHAMMAD', 2.75, '1.000.000 - 1.999.999', '500.000 - 999.999', '2', 2022),
(558, 'IMAM GALIH PRAYITNO', 2.75, '2.000.000 - 4.999.999', '0 - 500.000', '5', 2022),
(559, 'IN\\\'AM VAVIANSYAH H', 2.75, '0 - 500.000', '0 - 500.000', '2', 2022),
(560, 'MUHAMMAD ILHAM', 2.75, '2.000.000 - 4.999.999', '0 - 500.000', '3', 2020),
(561, 'PUTRISA EKA DIFRILA ', 2.76, '0 - 500.000', '0 - 500.000', '4', 2022),
(562, 'Abid Ghufron Fuad', 2.78, '500.000 - 999.999', '500.000 - 999.999', '5', 2023),
(563, 'ANGGI PRASETYO', 2.78, '500.000 - 999.999', '0 - 500.000', '3', 2023),
(564, 'davif Adi Prayogo', 2.78, '500.000 - 999.999', '500.000 - 999.999', '3', 2022),
(565, 'Muhammad faqih izzudin', 2.78, '1.000.000 - 1.999.999', '0 - 500.000', '3', 2023),
(566, 'RACHMAT DWI ARYANTO', 2.78, '0 - 500.000', '0 - 500.000', '4', 2022),
(567, 'BAGUS ANTON PRIHANTORO', 2.79, '1.000.000 - 1.999.999', '2.000.000 - 4.999.999', '2', 2020),
(568, 'AREL EZA AFANDI', 2.8, '500.000 - 999.999', '500.000 - 999.999', '1', 2022),
(569, 'MOH. FIZAR MAULANA IKMAL', 2.8, '1.000.000 - 1.999.999', '1.000.000 - 1.999.999', '1', 2022),
(570, 'MOH. RIFQI NURFAISANDI', 2.8, '500.000 - 999.999', '0 - 500.000', '2', 2021),
(571, 'MUHAMMAD SIVAUNNAZAR', 2.8, '2.000.000 - 4.999.999', '2.000.000 - 4.999.999', '5', 2022),
(572, 'TEGAR SINABOLANG ', 2.8, '0 - 500.000', '1.000.000 - 1.999.999', '2', 2023),
(573, 'FAHRYAN WAHYU FIRMANSYAH', 2.81, '1.000.000 - 1.999.999', '0 - 500.000', '3', 2020),
(574, 'Galfin Fadhila Abiyyu', 2.81, '500.000 - 999.999', '500.000 - 999.999', '2', 2022),
(575, 'Yusron Kristanto', 2.81, '1.000.000 - 1.999.999', '1.000.000 - 1.999.999', '1', 2022),
(576, 'PAMUNGKAS IMAM SUGANDI', 2.82, '0 - 500.000', '0 - 500.000', '3', 2021),
(577, 'HALIM FEBIANTORO', 2.83, '1.000.000 - 1.999.999', '0 - 500.000', '3', 2022),
(578, 'Kisawa Wildan Nuha', 2.83, '2.000.000 - 4.999.999', '0 - 500.000', '2', 2023),
(579, 'MUHAMMAD SHOLEHUDIN', 2.83, '0 - 500.000', '1.000.000 - 1.999.999', '3', 2023),
(580, 'MUHAMMAD ZAMZAM FIRDAUS', 2.83, '1.000.000 - 1.999.999', '0 - 500.000', '4', 2023),
(581, 'RONALD HADI SETIAWAN', 2.85, '500.000 - 999.999', '0 - 500.000', '2', 2022),
(582, 'ADELYA ARMIAJI ILHAM ', 2.86, '2.000.000 - 4.999.999', '0 - 500.000', '1', 2020),
(583, 'ANGGUN WILDA MILA EKASARI', 2.86, '1.000.000 - 1.999.999', '0 - 500.000', '1', 2020),
(584, 'INTAN PUTRI PERMATASARI', 2.86, '2.000.000 - 4.999.999', '2.000.000 - 4.999.999', '2', 2020),
(585, 'MUHAMMAD SIDIQ GOZALI ', 2.86, '500.000 - 999.999', '500.000 - 999.999', '5', 2022),
(586, 'NASRUL ADITRI RAHMANDIKA', 2.88, '1.000.000 - 1.999.999', '0 - 500.000', '2', 2022),
(587, 'NICHO ANANDA PUTRA', 2.88, '1.000.000 - 1.999.999', '0 - 500.000', '3', 2021),
(588, 'RIDWAN NUR HAMID', 2.88, '500.000 - 999.999', '0 - 500.000', '2', 2022),
(589, 'WILDAN SAKTIKA NUGRAHA ', 2.88, '2.000.000 - 4.999.999', '2.000.000 - 4.999.999', '1', 2023),
(590, 'Abdullah Ahmad Zulfikar', 2.9, '500.000 - 999.999', '0 - 500.000', '3', 2023),
(591, 'ARIF JATI KUSUMA SUWANDI', 2.9, '500.000 - 999.999', '0 - 500.000', '3', 2022),
(592, 'BINTANG FAJAR ARDIANSYAH', 2.9, '2.000.000 - 4.999.999', '0 - 500.000', '2', 2022),
(593, 'DIMAS NAZLA PRASETIANTO', 2.9, '2.000.000 - 4.999.999', '2.000.000 - 4.999.999', '3', 2022),
(594, 'RENDY PRASETYO', 2.9, '2.000.000 - 4.999.999', '0 - 500.000', '3', 2022),
(595, 'DYAH NURMALITASARI', 2.93, '500.000 - 999.999', '0 - 500.000', '2', 2022),
(596, 'Putri Febrianti ', 2.93, '500.000 - 999.999', '0 - 500.000', '2', 2023),
(597, 'SITI INDRIYANI', 2.93, '0 - 500.000', '1.000.000 - 1.999.999', '1', 2023),
(598, 'GALIH PURBO DANU KISOWO', 2.94, '2.000.000 - 4.999.999', '2.000.000 - 4.999.999', '4', 2021),
(599, 'MILA NUR JANAH', 2.94, '0 - 500.000', '0 - 500.000', '2', 2021),
(600, 'DINDA SEPTYANA', 2.95, '0 - 500.000', '500.000 - 999.999', '1', 2020),
(601, 'BAMBANG SUCIATMOJO', 2.96, '2.000.000 - 4.999.999', '0 - 500.000', '2', 2020),
(602, 'ANDYRA ALDY KURNIAWAN', 2.97, '2.000.000 - 4.999.999', '0 - 500.000', '4', 2021),
(603, 'Muhammad Ridwan Hidayatulloh', 2.97, '500.000 - 999.999', '0 - 500.000', '3', 2021),
(604, 'AMELYA NOVPARWINKA ', 2.98, '2.000.000 - 4.999.999', '2.000.000 - 4.999.999', '4', 2023),
(605, 'KHOLIF CAHYO ROSO', 2.98, '0 - 500.000', '0 - 500.000', '2', 2023),
(606, 'MAS AYU BERLIANA CITRA SALSA BILA', 2.98, '1.000.000 - 1.999.999', '0 - 500.000', '1', 2023),
(607, 'RIGANDI RAMADHANI', 2.98, '1.000.000 - 1.999.999', '1.000.000 - 1.999.999', '1', 2022),
(608, 'AGIL SALAHUDIN', 3, '0 - 500.000', '1.000.000 - 1.999.999', '2', 2020),
(609, 'AGUNG PRIAMBODO', 3, '500.000 - 999.999', '0 - 500.000', '5', 2015),
(610, 'Anggarizki Candra Purnama', 3, '0 - 500.000', '1.000.000 - 1.999.999', '2', 2022),
(611, 'AWALUDIN NUR KHABIBI', 3, '0 - 500.000', '1.000.000 - 1.999.999', '3', 2022),
(612, 'DAMAS ADHI PRASETYO', 3, '2.000.000 - 4.999.999', '0 - 500.000', '2', 2023),
(613, 'DINA KUMALA SARI', 3, '> 5.000.000', '1.000.000 - 1.999.999', '1', 2020),
(614, 'ENDY FIRJATUL MAHFUT ', 3, '500.000 - 999.999', '0 - 500.000', '3', 2021),
(615, 'MUHAMMAD REZA', 3, '0 - 500.000', '0 - 500.000', '3', 2020),
(616, 'NAWA ZULFA ROHADA \\\'AYS', 3, '0 - 500.000', '0 - 500.000', '2', 2020),
(617, 'SALSABILA MEILA PUTRI', 3, '1.000.000 - 1.999.999', '0 - 500.000', '2', 2020),
(618, 'WARDANA JAYA KUSUMA', 3, '0 - 500.000', '0 - 500.000', '1', 2020),
(619, 'YURI ASIVA NASTITI', 3, '1.000.000 - 1.999.999', '500.000 - 999.999', '4', 2020),
(620, 'FERIAL TEGAR CAHYA WARDANA', 3.03, '2.000.000 - 4.999.999', '1.000.000 - 1.999.999', '2', 2020),
(621, 'HANIF IHSAN HAVIS', 3.03, '500.000 - 999.999', '0 - 500.000', '3', 2022),
(622, 'Prince Betta Vistra Padma Negara', 3.03, '1.000.000 - 1.999.999', '0 - 500.000', '2', 2022),
(623, 'SITI HARDYASTUTI RINDI ASHWARI', 3.03, '0 - 500.000', '0 - 500.000', '3', 2023),
(624, 'Fabio Fajar Kurniawan', 3.04, '1.000.000 - 1.999.999', '500.000 - 999.999', '3', 2020),
(625, '\\\'AISYAH SUCI PERMATASARI', 3.05, '2.000.000 - 4.999.999', '0 - 500.000', '1', 2020),
(626, 'ALVIN ANDRIANSYAH', 3.05, '500.000 - 999.999', '0 - 500.000', '2', 2023),
(627, 'ANDIKA FERDY KURNIAWAN', 3.05, '1.000.000 - 1.999.999', '0 - 500.000', '2', 2022),
(628, 'BAGUS WAHYU PRADANA', 3.05, '1.000.000 - 1.999.999', '0 - 500.000', '2', 2020),
(629, 'BAGUS WAHYU PRADANA', 3.05, '1.000.000 - 1.999.999', '0 - 500.000', '2', 2020),
(630, 'CINDI ARSIDA PUTRI', 3.05, '0 - 500.000', '500.000 - 999.999', '2', 2023),
(631, 'NGAINUL FALDIANA', 3.05, '0 - 500.000', '0 - 500.000', '2', 2022),
(632, 'YURA WIZNU PREGIFTA', 3.05, '0 - 500.000', '500.000 - 999.999', '2', 2023),
(633, 'LAUNIK FATAMMA', 3.07, '0 - 500.000', '0 - 500.000', '2', 2022),
(634, 'RIDWAN YULINDRA MEGANANDA', 3.07, '1.000.000 - 1.999.999', '0 - 500.000', '3', 2020),
(635, 'RIGO FEBBY MAHENDRA', 3.07, '1.000.000 - 1.999.999', '0 - 500.000', '3', 2020),
(636, 'ANDIKA DWI PUTRA', 3.08, '0 - 500.000', '0 - 500.000', '4', 2023),
(637, 'BAGOES JAELANI KUBRO', 3.08, '0 - 500.000', '0 - 500.000', '1', 2022),
(638, 'FAISAL MUSTAGHFIRULLAH', 3.08, '1.000.000 - 1.999.999', '0 - 500.000', '2', 2022),
(639, 'NOVIYAN RIZKY RAMADHAN', 3.08, '1.000.000 - 1.999.999', '1.000.000 - 1.999.999', '3', 2023),
(640, 'RASINTIA LILA YULIANTI', 3.08, '0 - 500.000', '0 - 500.000', '4', 2023),
(641, 'SHERLY MAYNDHA AYUNINGTYAS', 3.08, '2.000.000 - 4.999.999', '1.000.000 - 1.999.999', '2', 2022),
(642, 'Yofhi Fauda Pradana', 3.08, '2.000.000 - 4.999.999', '2.000.000 - 4.999.999', '5', 2021),
(643, 'ARDI RAHMATONI', 3.09, '2.000.000 - 4.999.999', '0 - 500.000', '2', 2020),
(644, 'DANANG SUMINAR DWI CAHYO', 3.09, '500.000 - 999.999', '0 - 500.000', '3', 2021),
(645, 'DEWI PUSPITA NINGRUM', 3.09, '2.000.000 - 4.999.999', '0 - 500.000', '4', 2020),
(646, 'EGY DIAS MAHARDIKA', 3.09, '2.000.000 - 4.999.999', '0 - 500.000', '5', 2020),
(647, 'HISYAM MU\\\'AMMAR QUSHAYYI', 3.1, '1.000.000 - 1.999.999', '0 - 500.000', '3', 2022),
(648, 'M. ABDURROKHIM AL HIKAM', 3.1, '500.000 - 999.999', '0 - 500.000', '3', 2020),
(649, 'Muhammad Rifqi Aminulloh', 3.1, '0 - 500.000', '2.000.000 - 4.999.999', '1', 2023),
(650, 'NOVIA CORNEYLA', 3.1, '500.000 - 999.999', '0 - 500.000', '1', 2021),
(651, 'OSAMA SADDAM LUTFHI', 3.1, '2.000.000 - 4.999.999', '0 - 500.000', '2', 2022),
(652, 'ARDITTA NUGRAHINNI', 3.11, '0 - 500.000', '0 - 500.000', '3', 2020),
(653, 'HANUN LUTFIAH', 3.11, '500.000 - 999.999', '0 - 500.000', '1', 2020),
(654, 'Yusuf Abdullah muzakki ', 3.11, '0 - 500.000', '0 - 500.000', '2', 2020),
(655, 'BUDI SAPUTRO ', 3.13, '0 - 500.000', '0 - 500.000', '1', 2022),
(656, 'Gazza Nugraha Putra ', 3.13, '1.000.000 - 1.999.999', '500.000 - 999.999', '1', 2022),
(657, 'HAFIDZ MAULANA ', 3.13, '1.000.000 - 1.999.999', '0 - 500.000', '1', 2023),
(658, 'HENGKI BAGUS SAPUTRA', 3.13, '500.000 - 999.999', '0 - 500.000', '2', 2023),
(659, 'INTAN ARIMA PRIYANTI', 3.13, '500.000 - 999.999', '0 - 500.000', '2', 2023),
(660, 'MOHAMAD NATHANDYAJATI WIDYANTO', 3.13, '2.000.000 - 4.999.999', '0 - 500.000', '4', 2022),
(661, 'MUHAMMAD QOHAR', 3.13, '0 - 500.000', '500.000 - 999.999', '2', 2020),
(662, 'RADITYO RAHMADDIONO PUTRA', 3.13, '2.000.000 - 4.999.999', '0 - 500.000', '5', 2022),
(663, 'SALMA BELA WATI', 3.13, '500.000 - 999.999', '0 - 500.000', '2', 2023),
(664, 'STEPANUS PRATAMA', 3.13, '0 - 500.000', '0 - 500.000', '3', 2021),
(665, 'AGNES SEPTIANA MARISCA', 3.14, '0 - 500.000', '0 - 500.000', '4', 2020),
(666, 'FAKIH KUNCORO', 3.14, '500.000 - 999.999', '0 - 500.000', '5', 2020),
(667, 'NAMIRA VENTINIA PITALOKA', 3.14, '500.000 - 999.999', '1.000.000 - 1.999.999', '3', 2020),
(668, 'REZA DICKIPRABOWO', 3.14, '0 - 500.000', '500.000 - 999.999', '3', 2020),
(669, 'YUSRON WIRAWANTO', 3.14, '1.000.000 - 1.999.999', '0 - 500.000', '3', 2020),
(670, 'AWANGGA BINTANG MAULANA', 3.15, '1.000.000 - 1.999.999', '0 - 500.000', '4', 2022),
(671, 'Bryan Dito Pallesa', 3.15, '1.000.000 - 1.999.999', '1.000.000 - 1.999.999', '2', 2023),
(672, 'DEVITHA RATU ALAMSYACH', 3.15, '2.000.000 - 4.999.999', '0 - 500.000', '1', 2021),
(673, 'Farid Ridwan', 3.15, '0 - 500.000', '0 - 500.000', '1', 2023),
(674, 'MUNIF ARDIANSYAH', 3.15, '1.000.000 - 1.999.999', '500.000 - 999.999', '2', 2022),
(675, 'NABIL EKA ARDHANI', 3.15, '> 5.000.000', '0 - 500.000', '5', 2023),
(676, 'NUR FERDIANSYAH', 3.15, '1.000.000 - 1.999.999', '0 - 500.000', '2', 2023),
(677, 'SYAIKUL MUQOROBIN', 3.15, '0 - 500.000', '0 - 500.000', '3', 2022),
(678, 'AURORA NUR KUSUMA', 3.17, '1.000.000 - 1.999.999', '1.000.000 - 1.999.999', '2', 2022),
(679, 'FERDYNAND MUSTOFA HULAIMY', 3.17, '> 5.000.000', '1.000.000 - 1.999.999', '1', 2022),
(680, 'NUWAF FAJAR RAMADHAN', 3.17, '500.000 - 999.999', '0 - 500.000', '3', 2022),
(681, 'NUWAF FAJAR RAMADHAN', 3.17, '500.000 - 999.999', '0 - 500.000', '3', 2022),
(682, 'Rizaldi Ahya Fauzi', 3.17, '> 5.000.000', '0 - 500.000', '2', 2020),
(683, ' BAGUS NURHANNUDIN', 3.18, '0 - 500.000', '0 - 500.000', '5', 2021),
(684, 'AYU SRI MARDIYANTI', 3.18, '0 - 500.000', '1.000.000 - 1.999.999', '3', 2023),
(685, 'YAZID FAUZAN NUR ASHFANI', 3.18, '2.000.000 - 4.999.999', '2.000.000 - 4.999.999', '2', 2021),
(686, 'ALFO DELIL RISKI ', 3.2, '> 5.000.000', '0 - 500.000', '1', 2023),
(687, 'CHOIRI ARDI NUR ROHMAD', 3.2, '500.000 - 999.999', '0 - 500.000', '2', 2023),
(688, 'EVA DWI YANTI', 3.2, '500.000 - 999.999', '0 - 500.000', '3', 2023),
(689, 'FADHLULLAH YOGA WICAHYONO', 3.2, '500.000 - 999.999', '0 - 500.000', '2', 2021),
(690, 'HARLIA RIZKI FADILA', 3.2, '2.000.000 - 4.999.999', '500.000 - 999.999', '2', 2022),
(691, 'HERU DWI SETIAWAN', 3.2, '0 - 500.000', '0 - 500.000', '1', 2023),
(692, 'ICHSAN JULI DARMAWAN', 3.2, '0 - 500.000', '0 - 500.000', '3', 2023),
(693, 'kresenzius hidevano tyando putra', 3.2, '0 - 500.000', '> 5.000.000', '4', 2023),
(694, 'MOH AZIS ROSYID MUZAKY', 3.2, '> 5.000.000', '0 - 500.000', '2', 2021),
(695, 'Oktavian Dwi Faisul Hasan', 3.2, '2.000.000 - 4.999.999', '1.000.000 - 1.999.999', '1', 2023),
(696, 'YUDA SETIYAWAN                    ', 3.2, '0 - 500.000', '500.000 - 999.999', '2', 2020),
(697, 'Aldyth Fonda Rachmadani', 3.21, '500.000 - 999.999', '2.000.000 - 4.999.999', '2', 2020),
(698, 'MUHAMMAD UMAR MUSA AL-FARUQ', 3.21, '500.000 - 999.999', '0 - 500.000', '2', 2020),
(699, 'PUTRI MIYA GUNAWAN ', 3.21, '0 - 500.000', '0 - 500.000', '2', 2020),
(700, 'RISMA SITADEWI', 3.21, '500.000 - 999.999', '0 - 500.000', '2', 2020),
(701, 'YOGA PUTRA PRATAMA ', 3.21, '2.000.000 - 4.999.999', '0 - 500.000', '2', 2021),
(702, 'MUHAMAD FIKRI', 3.23, '1.000.000 - 1.999.999', '500.000 - 999.999', '1', 2021),
(703, 'MUHAMMAD ANDARA GHAZY AR RAMADHAN', 3.23, '1.000.000 - 1.999.999', '0 - 500.000', '1', 2022),
(704, 'NANDA AGRANDIS', 3.23, '2.000.000 - 4.999.999', '0 - 500.000', '3', 2022),
(705, 'DEVI TANIYA AYU SHOLIKAH', 3.24, '500.000 - 999.999', '0 - 500.000', '3', 2021),
(706, 'Ajudya Andika Putra Pranata', 3.25, '500.000 - 999.999', '0 - 500.000', '2', 2020),
(707, 'Akhmad tio febriansyah', 3.25, '2.000.000 - 4.999.999', '0 - 500.000', '3', 2022),
(708, 'Dimas rokhim dwi saputra', 3.25, '1.000.000 - 1.999.999', '1.000.000 - 1.999.999', '1', 2020),
(709, 'EDWIN FEBRYWINATA', 3.25, '2.000.000 - 4.999.999', '0 - 500.000', '1', 2021),
(710, 'Faza Dzakiya Luthfi Kharisma Putra', 3.25, '1.000.000 - 1.999.999', '500.000 - 999.999', '3', 2023),
(711, 'Rafi Nur Fauzan ', 3.25, '500.000 - 999.999', '500.000 - 999.999', '2', 2022),
(712, 'Resa Budi Prasetyo', 3.25, '500.000 - 999.999', '0 - 500.000', '2', 2021),
(713, 'SITI MUTHOBINGAH', 3.25, '1.000.000 - 1.999.999', '1.000.000 - 1.999.999', '2', 2020),
(714, 'Syeda Aliya Bukhari ', 3.25, '1.000.000 - 1.999.999', '0 - 500.000', '2', 2021),
(715, 'Wildan Syauqi Robbi', 3.25, '500.000 - 999.999', '500.000 - 999.999', '2', 2020),
(716, 'YOVIE NURURHAKIM', 3.25, '500.000 - 999.999', '500.000 - 999.999', '1', 2022),
(717, 'ZAKI LA TANSA', 3.25, '500.000 - 999.999', '0 - 500.000', '1', 2022),
(718, 'Achsa Bintang Ameylea', 3.26, '2.000.000 - 4.999.999', '0 - 500.000', '1', 2020),
(719, 'Dipta Wahyu Pebriansyah', 3.26, '1.000.000 - 1.999.999', '1.000.000 - 1.999.999', '1', 2020),
(720, 'MUH. SYARIF HIDAYATULLAH', 3.26, '500.000 - 999.999', '500.000 - 999.999', '1', 2020),
(721, 'GHAUZAR ANDHIKA AKBAR', 3.27, '1.000.000 - 1.999.999', '1.000.000 - 1.999.999', '1', 2020),
(722, 'AGYA GILAR CAHYONO ', 3.28, '0 - 500.000', '0 - 500.000', '2', 2023),
(723, 'BAYU SAPUTRA ', 3.28, '0 - 500.000', '0 - 500.000', '2', 2023),
(724, 'HANAFI LUQMAN HAKIM', 3.28, '0 - 500.000', '0 - 500.000', '2', 2023),
(725, 'HARJUNA INDRA RAMANDHA', 3.28, '1.000.000 - 1.999.999', '1.000.000 - 1.999.999', '2', 2020),
(726, 'IBNU BAYU MUSYAFIR', 3.28, '500.000 - 999.999', '0 - 500.000', '4', 2023),
(727, 'Lukman Abdul Hamid Marzuqi ', 3.28, '1.000.000 - 1.999.999', '2.000.000 - 4.999.999', '3', 2023),
(728, 'MUHAMAD ARUNDA DZAKY MUBAROK', 3.28, '2.000.000 - 4.999.999', '500.000 - 999.999', '2', 2022),
(729, 'RIDHO GILANG WICAKSONO', 3.28, '> 5.000.000', '0 - 500.000', '2', 2022),
(730, 'SHUCI RIYANA WATI', 3.28, '0 - 500.000', '1.000.000 - 1.999.999', '2', 2021),
(731, 'SUPRIONO', 3.28, '0 - 500.000', '0 - 500.000', '1', 2021),
(732, 'AHMAD CHOIRUL ANWARI', 3.29, '500.000 - 999.999', '0 - 500.000', '1', 2021),
(733, 'intan wahyu widya saputri', 3.29, '500.000 - 999.999', '0 - 500.000', '1', 2022),
(734, 'ADITYA ANDRIAN KRISNA BUDI', 3.3, '500.000 - 999.999', '0 - 500.000', '1', 2023),
(735, 'DIAZ FIRMANSYAH PUTRA ', 3.3, '500.000 - 999.999', '0 - 500.000', '1', 2022),
(736, 'MAULANA YUSUF ALWI', 3.3, '1.000.000 - 1.999.999', '0 - 500.000', '1', 2023),
(737, 'Muhammad Zainur Roziqin', 3.3, '500.000 - 999.999', '0 - 500.000', '1', 2021),
(738, 'Obriliandestra Rexana Risto', 3.3, '1.000.000 - 1.999.999', '500.000 - 999.999', '3', 2022),
(739, 'ONKY LAVIO RIDHA FERNANDA', 3.3, '0 - 500.000', '0 - 500.000', '2', 2021),
(740, 'RENDI YUSPRAMANA PUTRA', 3.3, '1.000.000 - 1.999.999', '0 - 500.000', '2', 2023),
(741, 'DINDA APRILIA MUTIARA SARI', 3.32, '0 - 500.000', '500.000 - 999.999', '3', 2020),
(742, 'LINA DWI JAYANTI ', 3.32, '500.000 - 999.999', '0 - 500.000', '1', 2020),
(743, 'SHAILATUL FIRDHOSSIAH', 3.32, '0 - 500.000', '0 - 500.000', '3', 2020),
(744, 'SONIA PEBI MERDIANA', 3.32, '1.000.000 - 1.999.999', '1.000.000 - 1.999.999', '2', 2021),
(745, 'ARI AMBARWATI', 3.33, '500.000 - 999.999', '0 - 500.000', '3', 2021),
(746, 'FAIZ DANENDRA AHNAF PASA', 3.33, '> 5.000.000', '0 - 500.000', '2', 2021),
(747, 'OKTI LIKSYAN NITA TAMA', 3.33, '500.000 - 999.999', '0 - 500.000', '2', 2021),
(748, 'SYAFI\\\\\\\' MUWAFFAQ', 3.33, '0 - 500.000', '500.000 - 999.999', '1', 2023),
(749, 'DEWI RUSMANIAR', 3.35, '2.000.000 - 4.999.999', '0 - 500.000', '1', 2022),
(750, 'EGUH RAGA MUSTIKA ', 3.35, '0 - 500.000', '0 - 500.000', '1', 2023),
(751, 'HAMID ZAINUL RIDHO', 3.35, '500.000 - 999.999', '0 - 500.000', '1', 2022),
(752, 'JORDI YOGA PRATAMA', 3.35, '500.000 - 999.999', '500.000 - 999.999', '1', 2021),
(753, 'MAHENDRA BINTANG KUSUMA', 3.35, '500.000 - 999.999', '0 - 500.000', '1', 2023),
(754, 'MEINANDA EKA CAHYANINGRUM', 3.35, '500.000 - 999.999', '0 - 500.000', '1', 2022),
(755, 'MOHAMMAD REZA OKTAVIAN', 3.35, '2.000.000 - 4.999.999', '1.000.000 - 1.999.999', '1', 2023),
(756, 'MUHAMMAD ANGGA KURNIAWAN', 3.35, '1.000.000 - 1.999.999', '1.000.000 - 1.999.999', '1', 2020),
(757, 'SILVI PUTRI MUJI HASTUTI', 3.35, '1.000.000 - 1.999.999', '0 - 500.000', '1', 2020),
(758, 'VIGOTA ABYAN FERNANDO', 3.35, '1.000.000 - 1.999.999', '1.000.000 - 1.999.999', '1', 2023),
(759, 'WIDYAWATI', 3.35, '500.000 - 999.999', '500.000 - 999.999', '2', 2022),
(760, 'BERNAGITA WAHYU SETYABUDI', 3.38, '> 5.000.000', '0 - 500.000', '2', 2022),
(761, 'DAVID FERNANDA ADIPRAMANA', 3.38, '0 - 500.000', '2.000.000 - 4.999.999', '2', 2022),
(762, 'DHEVI AYU SERKAWATI', 3.38, '500.000 - 999.999', '0 - 500.000', '2', 2023),
(763, 'ERVANY SEPTA PRAWARA ARISANTO', 3.38, '2.000.000 - 4.999.999', '2.000.000 - 4.999.999', '2', 2022),
(764, 'FAIZAL FIRDAUS SALAM', 3.38, '0 - 500.000', '0 - 500.000', '2', 2021),
(765, 'INTIFADA ADE KARTIKA', 3.38, '500.000 - 999.999', '1.000.000 - 1.999.999', '2', 2023),
(766, 'MOHAMMAD ILHAM MAULANA', 3.38, '0 - 500.000', '0 - 500.000', '3', 2023),
(767, 'RIZKY ALI ROMADHONI', 3.38, '500.000 - 999.999', '0 - 500.000', '3', 2022),
(768, 'SALSABILLA AGUSTIN ', 3.38, '1.000.000 - 1.999.999', '1.000.000 - 1.999.999', '3', 2022),
(769, 'VALENTINO SHIDNEY HIDAYAT', 3.38, '2.000.000 - 4.999.999', '2.000.000 - 4.999.999', '3', 2022),
(770, 'WIMA ALIF HARIANTO', 3.38, '2.000.000 - 4.999.999', '0 - 500.000', '2', 2021),
(771, 'AHMAD FAUZAN', 3.39, '1.000.000 - 1.999.999', '0 - 500.000', '2', 2020),
(772, 'MOCHAMAD RIYAN GUNAWAN', 3.39, '500.000 - 999.999', '500.000 - 999.999', '2', 2021),
(773, 'RYAN ERLANGGA ARDIANSYAH', 3.39, '0 - 500.000', '500.000 - 999.999', '2', 2021),
(774, 'BELLA PRISKA PUTRI APRILLIA', 3.4, '0 - 500.000', '0 - 500.000', '4', 2022),
(775, 'FERNANDA RIFKY SYAHRIAL ', 3.4, '2.000.000 - 4.999.999', '500.000 - 999.999', '2', 2023),
(776, 'MUHAMMAD SEGA RADIKA PRADANA', 3.4, '1.000.000 - 1.999.999', '0 - 500.000', '2', 2023),
(777, 'ZAKY LUTHFIRANA ROIHAN NAFI\\\\\\\'', 3.41, '500.000 - 999.999', '500.000 - 999.999', '1', 2021),
(778, 'BAGUS SETYO KURNIAWAN', 3.43, '1.000.000 - 1.999.999', '500.000 - 999.999', '1', 2023),
(779, 'DEAVITA DYAH AYU SAFITRI', 3.43, '2.000.000 - 4.999.999', '500.000 - 999.999', '1', 2022),
(780, 'GALANG FINTO ANERGI ', 3.43, '0 - 500.000', '1.000.000 - 1.999.999', '2', 2023),
(781, 'HAICAL HAFIZI', 3.43, '500.000 - 999.999', '0 - 500.000', '2', 2022),
(782, 'MELINDA NUR SAHIRA', 3.43, '1.000.000 - 1.999.999', '0 - 500.000', '3', 2022),
(783, 'MEYTA NAJMA KHULOUD AZHARY', 3.43, '1.000.000 - 1.999.999', '0 - 500.000', '3', 2023),
(784, 'MUHAMMAD IBNU PRADIPTA', 3.43, '2.000.000 - 4.999.999', '0 - 500.000', '1', 2023),
(785, 'Muhammad Nur Arifin', 3.43, '0 - 500.000', '0 - 500.000', '3', 2023),
(786, 'RAMA DANI', 3.43, '0 - 500.000', '1.000.000 - 1.999.999', '2', 2020),
(787, 'YUZRIL MAULANA IHZA', 3.43, '0 - 500.000', '0 - 500.000', '3', 2021),
(788, 'AULIA AHMAD AFFAISAL', 3.44, '500.000 - 999.999', '0 - 500.000', '3', 2021),
(789, 'BALYA FAUZIA SYA\\\'RONI', 3.44, '1.000.000 - 1.999.999', '0 - 500.000', '2', 2021),
(790, 'Octadear Reza Kurniawan', 3.44, '1.000.000 - 1.999.999', '1.000.000 - 1.999.999', '2', 2023),
(791, 'DIAN ANISA AGUSTINA', 3.45, '500.000 - 999.999', '0 - 500.000', '1', 2021),
(792, 'FAZA ILMAL MUGHNI ', 3.45, '0 - 500.000', '0 - 500.000', '3', 2023),
(793, 'FIRSTYAN FERDI FIRDAUS', 3.45, '1.000.000 - 1.999.999', '1.000.000 - 1.999.999', '2', 2023),
(794, 'KHOIRUL RIZQI', 3.45, '1.000.000 - 1.999.999', '0 - 500.000', '2', 2022),
(795, 'Ramdhan Khosim Nur Ikhsan', 3.45, '1.000.000 - 1.999.999', '0 - 500.000', '2', 2022),
(796, 'TRI HANDAYANI', 3.45, '500.000 - 999.999', '0 - 500.000', '1', 2021),
(797, 'ZAHROTUL ILMI WIJAYANTI', 3.45, '500.000 - 999.999', '500.000 - 999.999', '4', 2021),
(798, 'BELLA AMELIA INDIRA PUTRI', 3.47, '1.000.000 - 1.999.999', '0 - 500.000', '2', 2021),
(799, 'DIMAS SANTOSA', 3.47, '0 - 500.000', '500.000 - 999.999', '3', 2021),
(800, 'BINAR WANANDI PUTRA', 3.48, '0 - 500.000', '2.000.000 - 4.999.999', '2', 2020),
(801, 'DANANG SETYO WIBOWO', 3.48, '500.000 - 999.999', '0 - 500.000', '3', 2022),
(802, 'DICKA ANGGER MUKTI WIBOWO', 3.48, '1.000.000 - 1.999.999', '500.000 - 999.999', '3', 2022),
(803, 'FAJAR TRI WIDODO', 3.48, '500.000 - 999.999', '0 - 500.000', '1', 2021),
(804, 'FEMBRI HARIS HAFILUDIN', 3.48, '500.000 - 999.999', '0 - 500.000', '2', 2022),
(805, 'FIRA DESWARA', 3.48, '500.000 - 999.999', '0 - 500.000', '2', 2022),
(806, 'GALIH SETYO NUGROHO ', 3.48, '1.000.000 - 1.999.999', '0 - 500.000', '4', 2023),
(807, 'HELVY AURILIA', 3.48, '500.000 - 999.999', '> 5.000.000', '2', 2022),
(808, 'JALU SENA PURWA ANDHIKA ', 3.48, '2.000.000 - 4.999.999', '0 - 500.000', '1', 2022),
(809, 'RAFLY ULHUDHAMA', 3.48, '1.000.000 - 1.999.999', '1.000.000 - 1.999.999', '1', 2023),
(810, 'ANNISAA IRSALINA RAZITA', 3.5, '1.000.000 - 1.999.999', '2.000.000 - 4.999.999', '2', 2022),
(811, 'DARAS FADILA', 3.5, '2.000.000 - 4.999.999', '0 - 500.000', '5', 2021),
(812, 'Desy intan permatasari', 3.5, '500.000 - 999.999', '0 - 500.000', '2', 2021),
(813, 'FEBRI HUSNA PRADILA MUKTI ', 3.5, '500.000 - 999.999', '0 - 500.000', '3', 2021),
(814, 'FRENDY PRADANA PUTRA', 3.5, '500.000 - 999.999', '0 - 500.000', '2', 2021),
(815, 'GILANG DWI SAPUTRA', 3.5, '500.000 - 999.999', '0 - 500.000', '1', 2021),
(816, 'LUGAS HERMANTO ', 3.5, '500.000 - 999.999', '0 - 500.000', '3', 2022),
(817, 'MOHAMMAD SYAH IBRAHIM', 3.5, '500.000 - 999.999', '0 - 500.000', '3', 2023),
(818, 'MUH NAILAR RAZA', 3.5, '> 5.000.000', '0 - 500.000', '2', 2021),
(819, 'MUHAMMAD TAUFIK HIDAYAT', 3.5, '500.000 - 999.999', '500.000 - 999.999', '3', 2023),
(820, 'RECKY ANGGUN SAPUTRA', 3.5, '0 - 500.000', '0 - 500.000', '3', 2020),
(821, 'Rianawati', 3.5, '0 - 500.000', '1.000.000 - 1.999.999', '4', 2020),
(822, 'WAHYU PRIAMBODO', 3.5, '500.000 - 999.999', '0 - 500.000', '2', 2022),
(823, 'ANDI MUHAMAD KURNIAWAN ', 3.52, '1.000.000 - 1.999.999', '0 - 500.000', '1', 2022),
(824, 'ERNA ERAWATI', 3.52, '0 - 500.000', '0 - 500.000', '1', 2022),
(825, ' FARAH AFI FEBRIYANTI', 3.53, '0 - 500.000', '0 - 500.000', '2', 2021),
(826, 'APRILIA FIAJAR RINA', 3.53, '0 - 500.000', '0 - 500.000', '5', 2022),
(827, 'HAKIQI ALMAJID', 3.53, '0 - 500.000', '0 - 500.000', '2', 2022),
(828, 'MAHARDIKA YOSHI PUTRA', 3.53, '0 - 500.000', '0 - 500.000', '3', 2021),
(829, 'MIFTA RAHAYU ', 3.53, '500.000 - 999.999', '0 - 500.000', '2', 2022),
(830, 'WAHYU ARDHIYAS SAPUTRA ', 3.53, '2.000.000 - 4.999.999', '2.000.000 - 4.999.999', '1', 2022),
(831, 'RIYAN FEBRI SETIAWAN', 3.54, '1.000.000 - 1.999.999', '0 - 500.000', '3', 2022),
(832, 'FIRMAN ASHR ROZAQULLAH', 3.55, '1.000.000 - 1.999.999', '0 - 500.000', '3', 2022),
(833, 'INTIN RISTA PRATIWI', 3.55, '1.000.000 - 1.999.999', '0 - 500.000', '2', 2021),
(834, 'rafli devano danendra ', 3.55, '500.000 - 999.999', '0 - 500.000', '2', 2022),
(835, 'Setyo Noviantoro', 3.55, '2.000.000 - 4.999.999', '2.000.000 - 4.999.999', '1', 2020),
(836, 'INNAYATUL CHOIRUL AMIRUL AMIN', 3.56, '0 - 500.000', '0 - 500.000', '4', 2021),
(837, 'INTAN SARFINA', 3.56, '0 - 500.000', '0 - 500.000', '2', 2021),
(838, 'FERGIAWAN RESTIANTO', 3.57, '500.000 - 999.999', '500.000 - 999.999', '3', 2020),
(839, 'Lukman Teguh Priyatin', 3.57, '500.000 - 999.999', '0 - 500.000', '3', 2022),
(840, 'RIYAN ESNA PRATAMA', 3.57, '500.000 - 999.999', '0 - 500.000', '4', 2022),
(841, 'ALI JA\\\'FAR', 3.58, '2.000.000 - 4.999.999', '0 - 500.000', '1', 2023),
(842, 'AMANDA ZULFI KURNIA TSANI', 3.58, '500.000 - 999.999', '0 - 500.000', '2', 2021),
(843, 'CAMELLEN CALVIN YONUSON', 3.58, '0 - 500.000', '0 - 500.000', '6', 2022),
(844, 'DIONDA FIRDAUS YUANDES', 3.58, '500.000 - 999.999', '2.000.000 - 4.999.999', '2', 2022),
(845, 'HAFIZH TRISNA INDARTO', 3.58, '1.000.000 - 1.999.999', '1.000.000 - 1.999.999', '1', 2022),
(846, 'IBNU ROSYIDA AFIF', 3.58, '0 - 500.000', '0 - 500.000', '3', 2022),
(847, 'M. ARDIFA RIZQI RAMADHAN', 3.58, '2.000.000 - 4.999.999', '0 - 500.000', '2', 2022),
(848, 'MOHAMMAD ZISNU KENJANA PAKSI', 3.58, '0 - 500.000', '0 - 500.000', '2', 2023),
(849, 'RISMA WAFI SAPUTRI', 3.58, '500.000 - 999.999', '500.000 - 999.999', '2', 2023),
(850, 'SEPTIAN HANIF LUTHFI', 3.58, '2.000.000 - 4.999.999', '0 - 500.000', '2', 2023),
(851, 'SILVIANA PUSPANINGRUM', 3.58, '0 - 500.000', '0 - 500.000', '2', 2022),
(852, 'STANLEY RANGGA YUDHA ', 3.58, '1.000.000 - 1.999.999', '1.000.000 - 1.999.999', '1', 2022),
(853, 'VIVALDI ROYHAN MAULANA', 3.58, '1.000.000 - 1.999.999', '0 - 500.000', '1', 2023),
(854, 'ANITA DIAH RAHMA NINGRUM', 3.59, '0 - 500.000', '0 - 500.000', '3', 2022),
(855, 'BAHRUL ZULFAHMI ', 3.6, '500.000 - 999.999', '0 - 500.000', '2', 2020),
(856, 'DWI RAHIATUL SELA', 3.6, '0 - 500.000', '0 - 500.000', '1', 2022),
(857, 'MUHAMMAD AMIRUL MUCHMINIIN', 3.6, '2.000.000 - 4.999.999', '0 - 500.000', '3', 2022),
(858, 'SALMAN AL FARISI', 3.6, '500.000 - 999.999', '0 - 500.000', '1', 2021),
(859, 'ELINDA LUSYANA PUJI RISTANTI', 3.62, '500.000 - 999.999', '500.000 - 999.999', '2', 2021),
(860, 'NABELLA DARAFRISCA PRASADA', 3.62, '2.000.000 - 4.999.999', '0 - 500.000', '1', 2021),
(861, 'ANGEL ENDRIKA FAIZA NURFADIA', 3.63, '1.000.000 - 1.999.999', '0 - 500.000', '2', 2022),
(862, 'ARYONO', 3.63, '0 - 500.000', '0 - 500.000', '2', 2021),
(863, 'DESI ROMDANI PUTRI PAMUNGKAS', 3.63, '0 - 500.000', '0 - 500.000', '3', 2022),
(864, 'FAIZAL ANWAR', 3.63, '500.000 - 999.999', '0 - 500.000', '3', 2023),
(865, 'LAILATUL NUR ROHMAH', 3.63, '500.000 - 999.999', '0 - 500.000', '1', 2022),
(866, 'Lalang Indra Bachtiar ', 3.63, '> 5.000.000', '2.000.000 - 4.999.999', '1', 2022),
(867, 'SUNARI', 3.63, '500.000 - 999.999', '0 - 500.000', '1', 2022),
(868, 'VIKA NOR AZIZAH', 3.63, '0 - 500.000', '0 - 500.000', '3', 2023),
(869, 'MOH RIDWAN OKTAVIAN ', 3.64, '0 - 500.000', '0 - 500.000', '1', 2020),
(870, 'AFIGO AZUS ZAKKYFRIZA', 3.65, '500.000 - 999.999', '500.000 - 999.999', '3', 2022),
(871, 'ANDIKA NUR PRATAMA', 3.65, '500.000 - 999.999', '500.000 - 999.999', '2', 2021),
(872, 'ARGA FAUZI INDRATNA ', 3.65, '2.000.000 - 4.999.999', '0 - 500.000', '1', 2022),
(873, 'Duatama ari mukti', 3.65, '500.000 - 999.999', '0 - 500.000', '2', 2022),
(874, 'M.B. GIGIH BASKORO ASHARI', 3.65, '500.000 - 999.999', '0 - 500.000', '2', 2021),
(875, 'OCTAVIAN FAJAR RAMADANY', 3.65, '2.000.000 - 4.999.999', '0 - 500.000', '3', 2022),
(876, 'DIMAS ANDIKA PERDHANA', 3.67, '500.000 - 999.999', '0 - 500.000', '3', 2022),
(877, 'ERIAN SUGENG YUZAKKI KURNIAWAN ', 3.67, '0 - 500.000', '0 - 500.000', '1', 2021),
(878, 'KHARISMA WAHYU WIBOWO', 3.68, '500.000 - 999.999', '500.000 - 999.999', '1', 2022),
(879, 'MUHAMMAD ALFIYAN NUUR', 3.68, '0 - 500.000', '0 - 500.000', '2', 2021),
(880, 'MUHAMMAD KEVIN ANDRIAN RAHMADHANI', 3.68, '0 - 500.000', '0 - 500.000', '2', 2022),
(881, 'USAMAH PUTRA FIRDAUS', 3.68, '2.000.000 - 4.999.999', '0 - 500.000', '3', 2021),
(882, 'ABDUL ROSYID', 3.7, '1.000.000 - 1.999.999', '1.000.000 - 1.999.999', '2', 2023),
(883, 'AISROTUL TYO NURLISA', 3.7, '0 - 500.000', '0 - 500.000', '2', 2022),
(884, 'ERMAWATI ALMUNAWARAH', 3.7, '500.000 - 999.999', '500.000 - 999.999', '2', 2022),
(885, 'MUH BAYU ADJIE NUGROHO', 3.7, '500.000 - 999.999', '0 - 500.000', '1', 2023),
(886, 'NERISSA NIKMATUL QOIRIYAH', 3.7, '1.000.000 - 1.999.999', '0 - 500.000', '1', 2022),
(887, 'PRASETYA RISKI WA\\\'AFAN', 3.7, '500.000 - 999.999', '0 - 500.000', '2', 2023),
(888, 'WENDY SAFRILIAN NUGRAHA', 3.7, '1.000.000 - 1.999.999', '0 - 500.000', '1', 2023),
(889, 'HANNA SYAHIDA ALAWI', 3.72, '500.000 - 999.999', '0 - 500.000', '1', 2020),
(890, 'DIAN YENDRA DWI SAPUTRA', 3.73, '2.000.000 - 4.999.999', '0 - 500.000', '1', 2022),
(891, 'ERDIN WILDAN AHSANI', 3.73, '> 5.000.000', '0 - 500.000', '1', 2022),
(892, 'FAIRUZ DESTEA HAFSHA PERMANASARI', 3.73, '2.000.000 - 4.999.999', '2.000.000 - 4.999.999', '1', 2022),
(893, 'KARTIKA NUR ANGGRAENI', 3.73, '500.000 - 999.999', '0 - 500.000', '2', 2021),
(894, 'MUHAMMAD HANIF RIFAI', 3.73, '0 - 500.000', '1.000.000 - 1.999.999', '2', 2022),
(895, 'NILA MAHARDIKA TIARA SARI', 3.73, '500.000 - 999.999', '0 - 500.000', '2', 2022),
(896, 'Rifa\\\'i Rizal Fauzi', 3.73, '1.000.000 - 1.999.999', '1.000.000 - 1.999.999', '1', 2022),
(897, 'RIZKA ITSMATUL JANNAH', 3.73, '0 - 500.000', '0 - 500.000', '1', 2022),
(898, 'Titan Apriliyan Nadine Ananta', 3.73, '0 - 500.000', '1.000.000 - 1.999.999', '2', 2022),
(899, 'ANANDA MAYSELA NUR ROHMA', 3.74, '500.000 - 999.999', '0 - 500.000', '3', 2021),
(900, 'GITA AGUSTIGUNA SIDIK', 3.74, '0 - 500.000', '1.000.000 - 1.999.999', '3', 2021),
(901, 'Dwi Rahmawati', 3.75, '2.000.000 - 4.999.999', '0 - 500.000', '1', 2022),
(902, 'Aji Wibawantoro', 3.76, '1.000.000 - 1.999.999', '1.000.000 - 1.999.999', '3', 2021),
(903, 'HANIFA MUKAROMATUN NIKMAH', 3.78, '1.000.000 - 1.999.999', '0 - 500.000', '1', 2022),
(904, 'Ridho Akbar Nuryadin', 3.78, '500.000 - 999.999', '500.000 - 999.999', '2', 2020),
(905, 'Zulfiqli Kurniawan', 3.78, '1.000.000 - 1.999.999', '0 - 500.000', '1', 2022),
(906, 'ALFI NURIYATUL HEKMAAH', 3.79, '0 - 500.000', '0 - 500.000', '2', 2020),
(907, 'ANANDA AZIZUL HAKIM', 3.79, '500.000 - 999.999', '0 - 500.000', '2', 2021),
(908, 'MUNA SINTYA ELYZA PUTRI', 3.79, '0 - 500.000', '1.000.000 - 1.999.999', '1', 2021),
(909, 'SEPTIANA MEILANI PUTRI PAWITI', 3.79, '500.000 - 999.999', '0 - 500.000', '1', 2020),
(910, 'ADY PUTRA MAHESTRA ', 3.8, '2.000.000 - 4.999.999', '2.000.000 - 4.999.999', '1', 2021),
(911, 'CINDY ALYA PUTRI', 3.8, '2.000.000 - 4.999.999', '0 - 500.000', '2', 2022),
(912, 'DIMAS ALIF MURSYIDIN', 3.8, '2.000.000 - 4.999.999', '2.000.000 - 4.999.999', '2', 2021),
(913, 'GALANG AKBAR FATONI', 3.8, '1.000.000 - 1.999.999', '0 - 500.000', '2', 2022),
(914, 'HENRI YUNAN', 3.8, '0 - 500.000', '0 - 500.000', '2', 2022),
(915, 'NANDA SISKA SETYO PUTRI', 3.8, '1.000.000 - 1.999.999', '500.000 - 999.999', '2', 2022),
(916, 'PANJI SIWININDYA PUTRA', 3.8, '0 - 500.000', '500.000 - 999.999', '2', 2022),
(917, 'REVALDY ALEXANDRA PUTRA', 3.8, '0 - 500.000', '0 - 500.000', '2', 2022),
(918, 'Yuliana Syajiddah', 3.8, '0 - 500.000', '1.000.000 - 1.999.999', '3', 2021),
(919, 'Oky Pratama Sejati', 3.81, '0 - 500.000', '1.000.000 - 1.999.999', '3', 2020),
(920, 'PRAMU LISTIYAN DWI SAPUTRA', 3.81, '2.000.000 - 4.999.999', '2.000.000 - 4.999.999', '1', 2021),
(921, 'LAZUARDI IRHAM KARAMAN', 3.85, '1.000.000 - 1.999.999', '0 - 500.000', '1', 2023),
(922, 'RIFAL ARIYA YUSUFTRIAN', 3.85, '1.000.000 - 1.999.999', '0 - 500.000', '1', 2022),
(923, 'VERNANDA WAHYU DWI SAPUTRA', 3.85, '1.000.000 - 1.999.999', '0 - 500.000', '1', 2020),
(924, 'RAFI NUR ANNAS', 3.86, '1.000.000 - 1.999.999', '2.000.000 - 4.999.999', '2', 2020),
(925, 'EFI MUKAROMAH', 3.89, '500.000 - 999.999', '0 - 500.000', '2', 2021),
(926, 'TARISA AULIYA RAMADHANI', 3.89, '1.000.000 - 1.999.999', '1.000.000 - 1.999.999', '1', 2020),
(927, 'YOSA ADYTIA PRATAMA ', 3.89, '500.000 - 999.999', '0 - 500.000', '1', 2021),
(928, 'MUHAMMAD ARSAYUAN WIJAYA', 3.93, '2.000.000 - 4.999.999', '2.000.000 - 4.999.999', '2', 2022),
(929, 'MUHAMMAD HISAM ASZAINI', 3.93, '1.000.000 - 1.999.999', '0 - 500.000', '2', 2022),
(930, 'RIZKY ACHMAD NAUFAL ', 3.93, '2.000.000 - 4.999.999', '0 - 500.000', '2', 2022),
(931, 'ANGGORO PAMBUKO CAHYO S.', 4, '500.000 - 999.999', '0 - 500.000', '3', 2021),
(932, 'ANNISA AULIA WARDHANI ', 4, '500.000 - 999.999', '0 - 500.000', '3', 2020),
(933, 'NALDHI FAHMI HASAN', 4, '500.000 - 999.999', '0 - 500.000', '1', 2021),
(934, 'NANDA SAFIQ ALFIANSYAH', 4, '0 - 500.000', '0 - 500.000', '1', 2021),
(935, 'SINCAN MAULANA', 4, '2.000.000 - 4.999.999', '0 - 500.000', '2', 2021),
(936, 'SINDY MAYNANDA MUSLIHAH', 4, '1.000.000 - 1.999.999', '500.000 - 999.999', '2', 2020),
(937, 'ZAKIA ACCESS ASMAUL KHUSNA', 4, '1.000.000 - 1.999.999', '0 - 500.000', '3', 2021);

--
-- Indexes for dumped tables
--

--
-- Indeks untuk tabel `cluster`
--
ALTER TABLE `cluster`
  ADD PRIMARY KEY (`id`);

--
-- Indeks untuk tabel `hasil_clustering`
--
ALTER TABLE `hasil_clustering`
  ADD PRIMARY KEY (`id`),
  ADD KEY `mahasiswa_id` (`mahasiswa_id`),
  ADD KEY `cluster_id` (`cluster_id`);

--
-- Indeks untuk tabel `mahasiswa`
--
ALTER TABLE `mahasiswa`
  ADD PRIMARY KEY (`id`);

--
-- AUTO_INCREMENT untuk tabel yang dibuang
--

--
-- AUTO_INCREMENT untuk tabel `cluster`
--
ALTER TABLE `cluster`
  MODIFY `id` int(11) NOT NULL AUTO_INCREMENT, AUTO_INCREMENT=4;

--
-- AUTO_INCREMENT untuk tabel `hasil_clustering`
--
ALTER TABLE `hasil_clustering`
  MODIFY `id` int(11) NOT NULL AUTO_INCREMENT, AUTO_INCREMENT=4661;

--
-- AUTO_INCREMENT untuk tabel `mahasiswa`
--
ALTER TABLE `mahasiswa`
  MODIFY `id` int(11) NOT NULL AUTO_INCREMENT, AUTO_INCREMENT=938;

--
-- Ketidakleluasaan untuk tabel pelimpahan (Dumped Tables)
--

--
-- Ketidakleluasaan untuk tabel `hasil_clustering`
--
ALTER TABLE `hasil_clustering`
  ADD CONSTRAINT `hasil_clustering_ibfk_1` FOREIGN KEY (`mahasiswa_id`) REFERENCES `mahasiswa` (`id`),
  ADD CONSTRAINT `hasil_clustering_ibfk_2` FOREIGN KEY (`cluster_id`) REFERENCES `cluster` (`id`);
COMMIT;

/*!40101 SET CHARACTER_SET_CLIENT=@OLD_CHARACTER_SET_CLIENT */;
/*!40101 SET CHARACTER_SET_RESULTS=@OLD_CHARACTER_SET_RESULTS */;
/*!40101 SET COLLATION_CONNECTION=@OLD_COLLATION_CONNECTION */;
