-- phpMyAdmin SQL Dump
-- version 5.2.1
-- https://www.phpmyadmin.net/
--
-- Host: 127.0.0.1
-- Waktu pembuatan: 01 Agu 2024 pada 18.21
-- Versi server: 10.4.32-MariaDB
-- Versi PHP: 8.2.12

SET SQL_MODE = "NO_AUTO_VALUE_ON_ZERO";
START TRANSACTION;
SET time_zone = "+00:00";


/*!40101 SET @OLD_CHARACTER_SET_CLIENT=@@CHARACTER_SET_CLIENT */;
/*!40101 SET @OLD_CHARACTER_SET_RESULTS=@@CHARACTER_SET_RESULTS */;
/*!40101 SET @OLD_COLLATION_CONNECTION=@@COLLATION_CONNECTION */;
/*!40101 SET NAMES utf8mb4 */;

--
-- Database: `beasiswa_db`
--

-- --------------------------------------------------------

--
-- Struktur dari tabel `cluster`
--

CREATE TABLE `cluster` (
  `id` int(11) NOT NULL,
  `nama` varchar(50) NOT NULL,
  `keterangan` varchar(50) NOT NULL,
  `code` varchar(2) NOT NULL
) ENGINE=InnoDB DEFAULT CHARSET=utf8mb4 COLLATE=utf8mb4_general_ci;

--
-- Dumping data untuk tabel `cluster`
--

INSERT INTO `cluster` (`id`, `nama`, `keterangan`, `code`) VALUES
(1, 'Cluster Pertama', 'Layak', 'C1'),
(2, 'Cluster Kedua', 'Dipertimbangkan', 'C2'),
(3, 'Cluster Ketiga', 'Tidak Layak', 'C3');

-- --------------------------------------------------------

--
-- Struktur dari tabel `hasil_clustering`
--

CREATE TABLE `hasil_clustering` (
  `id` int(11) NOT NULL,
  `mahasiswa_id` int(11) DEFAULT NULL,
  `cluster_id` int(11) DEFAULT NULL,
  `tanggal_clustering` datetime DEFAULT current_timestamp()
) ENGINE=InnoDB DEFAULT CHARSET=utf8mb4 COLLATE=utf8mb4_general_ci;

--
-- Dumping data untuk tabel `hasil_clustering`
--

INSERT INTO `hasil_clustering` (`id`, `mahasiswa_id`, `cluster_id`, `tanggal_clustering`) VALUES
(15743, 475, 1, '2024-08-01 22:52:04'),
(15744, 476, 1, '2024-08-01 22:52:04'),
(15745, 477, 1, '2024-08-01 22:52:04'),
(15746, 478, 1, '2024-08-01 22:52:04'),
(15747, 479, 1, '2024-08-01 22:52:04'),
(15748, 480, 1, '2024-08-01 22:52:04'),
(15749, 481, 1, '2024-08-01 22:52:04'),
(15750, 482, 1, '2024-08-01 22:52:04'),
(15751, 483, 1, '2024-08-01 22:52:04'),
(15752, 484, 1, '2024-08-01 22:52:04'),
(15753, 485, 1, '2024-08-01 22:52:04'),
(15754, 486, 1, '2024-08-01 22:52:04'),
(15755, 487, 1, '2024-08-01 22:52:04'),
(15756, 488, 1, '2024-08-01 22:52:04'),
(15757, 489, 1, '2024-08-01 22:52:04'),
(15758, 490, 1, '2024-08-01 22:52:04'),
(15759, 491, 1, '2024-08-01 22:52:04'),
(15760, 492, 1, '2024-08-01 22:52:04'),
(15761, 494, 1, '2024-08-01 22:52:04'),
(15762, 496, 1, '2024-08-01 22:52:04'),
(15763, 498, 1, '2024-08-01 22:52:04'),
(15764, 499, 1, '2024-08-01 22:52:04'),
(15765, 500, 1, '2024-08-01 22:52:04'),
(15766, 501, 1, '2024-08-01 22:52:04'),
(15767, 502, 1, '2024-08-01 22:52:04'),
(15768, 503, 1, '2024-08-01 22:52:04'),
(15769, 504, 1, '2024-08-01 22:52:04'),
(15770, 505, 1, '2024-08-01 22:52:04'),
(15771, 506, 1, '2024-08-01 22:52:04'),
(15772, 507, 1, '2024-08-01 22:52:04'),
(15773, 508, 1, '2024-08-01 22:52:04'),
(15774, 509, 1, '2024-08-01 22:52:04'),
(15775, 510, 1, '2024-08-01 22:52:04'),
(15776, 511, 1, '2024-08-01 22:52:04'),
(15777, 512, 1, '2024-08-01 22:52:04'),
(15778, 513, 1, '2024-08-01 22:52:04'),
(15779, 514, 1, '2024-08-01 22:52:04'),
(15780, 515, 1, '2024-08-01 22:52:04'),
(15781, 516, 1, '2024-08-01 22:52:04'),
(15782, 517, 1, '2024-08-01 22:52:04'),
(15783, 518, 1, '2024-08-01 22:52:04'),
(15784, 519, 1, '2024-08-01 22:52:04'),
(15785, 520, 1, '2024-08-01 22:52:04'),
(15786, 522, 1, '2024-08-01 22:52:04'),
(15787, 524, 1, '2024-08-01 22:52:04'),
(15788, 525, 1, '2024-08-01 22:52:04'),
(15789, 526, 1, '2024-08-01 22:52:04'),
(15790, 527, 1, '2024-08-01 22:52:04'),
(15791, 528, 1, '2024-08-01 22:52:04'),
(15792, 529, 1, '2024-08-01 22:52:04'),
(15793, 530, 1, '2024-08-01 22:52:04'),
(15794, 531, 1, '2024-08-01 22:52:04'),
(15795, 532, 1, '2024-08-01 22:52:04'),
(15796, 533, 1, '2024-08-01 22:52:04'),
(15797, 534, 1, '2024-08-01 22:52:04'),
(15798, 535, 1, '2024-08-01 22:52:04'),
(15799, 536, 1, '2024-08-01 22:52:04'),
(15800, 537, 1, '2024-08-01 22:52:04'),
(15801, 538, 2, '2024-08-01 22:52:04'),
(15802, 539, 2, '2024-08-01 22:52:04'),
(15803, 540, 2, '2024-08-01 22:52:04'),
(15804, 541, 2, '2024-08-01 22:52:04'),
(15805, 542, 2, '2024-08-01 22:52:04'),
(15806, 543, 2, '2024-08-01 22:52:04'),
(15807, 544, 2, '2024-08-01 22:52:04'),
(15808, 546, 2, '2024-08-01 22:52:04'),
(15809, 547, 2, '2024-08-01 22:52:04'),
(15810, 548, 2, '2024-08-01 22:52:04'),
(15811, 552, 2, '2024-08-01 22:52:04'),
(15812, 555, 2, '2024-08-01 22:52:04'),
(15813, 556, 2, '2024-08-01 22:52:04'),
(15814, 557, 2, '2024-08-01 22:52:04'),
(15815, 558, 2, '2024-08-01 22:52:04'),
(15816, 559, 2, '2024-08-01 22:52:04'),
(15817, 560, 2, '2024-08-01 22:52:04'),
(15818, 561, 2, '2024-08-01 22:52:04'),
(15819, 562, 2, '2024-08-01 22:52:04'),
(15820, 563, 2, '2024-08-01 22:52:04'),
(15821, 564, 2, '2024-08-01 22:52:04'),
(15822, 565, 2, '2024-08-01 22:52:04'),
(15823, 566, 2, '2024-08-01 22:52:04'),
(15824, 568, 2, '2024-08-01 22:52:04'),
(15825, 570, 2, '2024-08-01 22:52:04'),
(15826, 571, 2, '2024-08-01 22:52:04'),
(15827, 572, 2, '2024-08-01 22:52:04'),
(15828, 573, 2, '2024-08-01 22:52:04'),
(15829, 574, 2, '2024-08-01 22:52:04'),
(15830, 576, 2, '2024-08-01 22:52:04'),
(15831, 577, 2, '2024-08-01 22:52:04'),
(15832, 579, 2, '2024-08-01 22:52:04'),
(15833, 580, 2, '2024-08-01 22:52:04'),
(15834, 581, 2, '2024-08-01 22:52:04'),
(15835, 585, 2, '2024-08-01 22:52:04'),
(15836, 586, 2, '2024-08-01 22:52:04'),
(15837, 587, 2, '2024-08-01 22:52:04'),
(15838, 588, 2, '2024-08-01 22:52:04'),
(15839, 590, 2, '2024-08-01 22:52:04'),
(15840, 591, 2, '2024-08-01 22:52:04'),
(15841, 594, 2, '2024-08-01 22:52:04'),
(15842, 595, 2, '2024-08-01 22:52:04'),
(15843, 596, 2, '2024-08-01 22:52:04'),
(15844, 599, 2, '2024-08-01 22:52:04'),
(15845, 600, 2, '2024-08-01 22:52:04'),
(15846, 602, 2, '2024-08-01 22:52:04'),
(15847, 603, 2, '2024-08-01 22:52:04'),
(15848, 605, 2, '2024-08-01 22:52:04'),
(15849, 608, 2, '2024-08-01 22:52:04'),
(15850, 609, 2, '2024-08-01 22:52:04'),
(15851, 610, 2, '2024-08-01 22:52:04'),
(15852, 611, 2, '2024-08-01 22:52:04'),
(15853, 614, 2, '2024-08-01 22:52:04'),
(15854, 615, 2, '2024-08-01 22:52:04'),
(15855, 616, 2, '2024-08-01 22:52:04'),
(15856, 617, 2, '2024-08-01 22:52:04'),
(15857, 618, 2, '2024-08-01 22:52:04'),
(15858, 619, 2, '2024-08-01 22:52:04'),
(15859, 621, 2, '2024-08-01 22:52:04'),
(15860, 622, 2, '2024-08-01 22:52:04'),
(15861, 623, 2, '2024-08-01 22:52:04'),
(15862, 624, 2, '2024-08-01 22:52:04'),
(15863, 626, 2, '2024-08-01 22:52:04'),
(15864, 627, 2, '2024-08-01 22:52:04'),
(15865, 628, 2, '2024-08-01 22:52:04'),
(15866, 629, 2, '2024-08-01 22:52:04'),
(15867, 630, 2, '2024-08-01 22:52:04'),
(15868, 631, 2, '2024-08-01 22:52:04'),
(15869, 632, 2, '2024-08-01 22:52:04'),
(15870, 633, 2, '2024-08-01 22:52:04'),
(15871, 634, 2, '2024-08-01 22:52:04'),
(15872, 635, 2, '2024-08-01 22:52:04'),
(15873, 636, 2, '2024-08-01 22:52:04'),
(15874, 637, 2, '2024-08-01 22:52:04'),
(15875, 638, 2, '2024-08-01 22:52:04'),
(15876, 639, 2, '2024-08-01 22:52:04'),
(15877, 640, 2, '2024-08-01 22:52:04'),
(15878, 642, 2, '2024-08-01 22:52:04'),
(15879, 644, 2, '2024-08-01 22:52:04'),
(15880, 645, 2, '2024-08-01 22:52:04'),
(15881, 646, 2, '2024-08-01 22:52:04'),
(15882, 647, 2, '2024-08-01 22:52:04'),
(15883, 648, 2, '2024-08-01 22:52:04'),
(15884, 650, 2, '2024-08-01 22:52:04'),
(15885, 652, 2, '2024-08-01 22:52:04'),
(15886, 653, 2, '2024-08-01 22:52:04'),
(15887, 654, 2, '2024-08-01 22:52:04'),
(15888, 655, 2, '2024-08-01 22:52:04'),
(15889, 658, 2, '2024-08-01 22:52:04'),
(15890, 659, 2, '2024-08-01 22:52:04'),
(15891, 660, 2, '2024-08-01 22:52:04'),
(15892, 661, 2, '2024-08-01 22:52:04'),
(15893, 662, 2, '2024-08-01 22:52:04'),
(15894, 663, 2, '2024-08-01 22:52:04'),
(15895, 664, 2, '2024-08-01 22:52:04'),
(15896, 665, 2, '2024-08-01 22:52:04'),
(15897, 666, 2, '2024-08-01 22:52:04'),
(15898, 667, 2, '2024-08-01 22:52:04'),
(15899, 668, 2, '2024-08-01 22:52:04'),
(15900, 669, 2, '2024-08-01 22:52:04'),
(15901, 670, 2, '2024-08-01 22:52:04'),
(15902, 673, 2, '2024-08-01 22:52:04'),
(15903, 674, 2, '2024-08-01 22:52:04'),
(15904, 675, 2, '2024-08-01 22:52:04'),
(15905, 676, 2, '2024-08-01 22:52:04'),
(15906, 677, 2, '2024-08-01 22:52:04'),
(15907, 680, 2, '2024-08-01 22:52:04'),
(15908, 681, 2, '2024-08-01 22:52:04'),
(15909, 683, 2, '2024-08-01 22:52:04'),
(15910, 684, 2, '2024-08-01 22:52:04'),
(15911, 687, 2, '2024-08-01 22:52:04'),
(15912, 688, 2, '2024-08-01 22:52:04'),
(15913, 689, 2, '2024-08-01 22:52:04'),
(15914, 691, 2, '2024-08-01 22:52:04'),
(15915, 692, 2, '2024-08-01 22:52:04'),
(15916, 696, 2, '2024-08-01 22:52:04'),
(15917, 698, 2, '2024-08-01 22:52:04'),
(15918, 699, 2, '2024-08-01 22:52:04'),
(15919, 700, 2, '2024-08-01 22:52:04'),
(15920, 704, 2, '2024-08-01 22:52:04'),
(15921, 705, 2, '2024-08-01 22:52:04'),
(15922, 706, 2, '2024-08-01 22:52:04'),
(15923, 707, 2, '2024-08-01 22:52:04'),
(15924, 710, 2, '2024-08-01 22:52:04'),
(15925, 711, 2, '2024-08-01 22:52:04'),
(15926, 712, 2, '2024-08-01 22:52:04'),
(15927, 714, 2, '2024-08-01 22:52:04'),
(15928, 715, 2, '2024-08-01 22:52:04'),
(15929, 716, 2, '2024-08-01 22:52:04'),
(15930, 717, 2, '2024-08-01 22:52:04'),
(15931, 720, 2, '2024-08-01 22:52:04'),
(15932, 722, 2, '2024-08-01 22:52:04'),
(15933, 723, 2, '2024-08-01 22:52:04'),
(15934, 724, 2, '2024-08-01 22:52:04'),
(15935, 726, 2, '2024-08-01 22:52:04'),
(15936, 730, 2, '2024-08-01 22:52:04'),
(15937, 731, 2, '2024-08-01 22:52:04'),
(15938, 732, 2, '2024-08-01 22:52:04'),
(15939, 733, 2, '2024-08-01 22:52:04'),
(15940, 734, 2, '2024-08-01 22:52:04'),
(15941, 735, 2, '2024-08-01 22:52:04'),
(15942, 737, 2, '2024-08-01 22:52:04'),
(15943, 738, 2, '2024-08-01 22:52:04'),
(15944, 739, 2, '2024-08-01 22:52:04'),
(15945, 740, 2, '2024-08-01 22:52:04'),
(15946, 741, 2, '2024-08-01 22:52:04'),
(15947, 742, 2, '2024-08-01 22:52:04'),
(15948, 743, 2, '2024-08-01 22:52:04'),
(15949, 745, 2, '2024-08-01 22:52:04'),
(15950, 747, 2, '2024-08-01 22:52:04'),
(15951, 748, 2, '2024-08-01 22:52:04'),
(15952, 750, 2, '2024-08-01 22:52:04'),
(15953, 751, 2, '2024-08-01 22:52:04'),
(15954, 752, 2, '2024-08-01 22:52:04'),
(15955, 753, 2, '2024-08-01 22:52:04'),
(15956, 754, 2, '2024-08-01 22:52:04'),
(15957, 759, 2, '2024-08-01 22:52:04'),
(15958, 762, 2, '2024-08-01 22:52:04'),
(15959, 764, 2, '2024-08-01 22:52:04'),
(15960, 765, 2, '2024-08-01 22:52:04'),
(15961, 766, 2, '2024-08-01 22:52:04'),
(15962, 767, 2, '2024-08-01 22:52:04'),
(15963, 768, 2, '2024-08-01 22:52:04'),
(15964, 771, 2, '2024-08-01 22:52:04'),
(15965, 772, 2, '2024-08-01 22:52:04'),
(15966, 773, 2, '2024-08-01 22:52:04'),
(15967, 774, 2, '2024-08-01 22:52:04'),
(15968, 776, 2, '2024-08-01 22:52:04'),
(15969, 777, 2, '2024-08-01 22:52:04'),
(15970, 780, 2, '2024-08-01 22:52:04'),
(15971, 781, 2, '2024-08-01 22:52:04'),
(15972, 782, 2, '2024-08-01 22:52:04'),
(15973, 783, 2, '2024-08-01 22:52:04'),
(15974, 785, 2, '2024-08-01 22:52:04'),
(15975, 786, 2, '2024-08-01 22:52:04'),
(15976, 787, 2, '2024-08-01 22:52:04'),
(15977, 788, 2, '2024-08-01 22:52:04'),
(15978, 789, 2, '2024-08-01 22:52:04'),
(15979, 791, 2, '2024-08-01 22:52:04'),
(15980, 792, 2, '2024-08-01 22:52:04'),
(15981, 794, 2, '2024-08-01 22:52:04'),
(15982, 795, 2, '2024-08-01 22:52:04'),
(15983, 796, 2, '2024-08-01 22:52:04'),
(15984, 797, 2, '2024-08-01 22:52:04'),
(15985, 798, 2, '2024-08-01 22:52:04'),
(15986, 799, 2, '2024-08-01 22:52:04'),
(15987, 801, 2, '2024-08-01 22:52:04'),
(15988, 802, 2, '2024-08-01 22:52:04'),
(15989, 803, 2, '2024-08-01 22:52:04'),
(15990, 804, 2, '2024-08-01 22:52:04'),
(15991, 805, 2, '2024-08-01 22:52:04'),
(15992, 806, 2, '2024-08-01 22:52:04'),
(15993, 811, 2, '2024-08-01 22:52:04'),
(15994, 812, 2, '2024-08-01 22:52:04'),
(15995, 813, 2, '2024-08-01 22:52:04'),
(15996, 814, 2, '2024-08-01 22:52:04'),
(15997, 815, 2, '2024-08-01 22:52:04'),
(15998, 816, 2, '2024-08-01 22:52:04'),
(15999, 817, 2, '2024-08-01 22:52:04'),
(16000, 819, 2, '2024-08-01 22:52:04'),
(16001, 820, 2, '2024-08-01 22:52:04'),
(16002, 821, 2, '2024-08-01 22:52:04'),
(16003, 822, 2, '2024-08-01 22:52:04'),
(16004, 824, 2, '2024-08-01 22:52:04'),
(16005, 825, 2, '2024-08-01 22:52:04'),
(16006, 826, 2, '2024-08-01 22:52:04'),
(16007, 827, 2, '2024-08-01 22:52:04'),
(16008, 828, 2, '2024-08-01 22:52:04'),
(16009, 829, 2, '2024-08-01 22:52:04'),
(16010, 831, 2, '2024-08-01 22:52:04'),
(16011, 832, 2, '2024-08-01 22:52:04'),
(16012, 833, 2, '2024-08-01 22:52:04'),
(16013, 834, 2, '2024-08-01 22:52:04'),
(16014, 836, 2, '2024-08-01 22:52:04'),
(16015, 837, 2, '2024-08-01 22:52:04'),
(16016, 838, 2, '2024-08-01 22:52:04'),
(16017, 839, 2, '2024-08-01 22:52:04'),
(16018, 840, 2, '2024-08-01 22:52:04'),
(16019, 842, 2, '2024-08-01 22:52:04'),
(16020, 843, 2, '2024-08-01 22:52:04'),
(16021, 846, 2, '2024-08-01 22:52:04'),
(16022, 848, 2, '2024-08-01 22:52:04'),
(16023, 849, 2, '2024-08-01 22:52:04'),
(16024, 851, 2, '2024-08-01 22:52:04'),
(16025, 854, 2, '2024-08-01 22:52:04'),
(16026, 855, 2, '2024-08-01 22:52:04'),
(16027, 856, 2, '2024-08-01 22:52:04'),
(16028, 857, 2, '2024-08-01 22:52:04'),
(16029, 858, 2, '2024-08-01 22:52:04'),
(16030, 859, 2, '2024-08-01 22:52:04'),
(16031, 861, 2, '2024-08-01 22:52:04'),
(16032, 862, 2, '2024-08-01 22:52:04'),
(16033, 863, 2, '2024-08-01 22:52:04'),
(16034, 864, 2, '2024-08-01 22:52:04'),
(16035, 865, 2, '2024-08-01 22:52:04'),
(16036, 867, 2, '2024-08-01 22:52:04'),
(16037, 868, 2, '2024-08-01 22:52:04'),
(16038, 869, 2, '2024-08-01 22:52:04'),
(16039, 870, 2, '2024-08-01 22:52:04'),
(16040, 871, 2, '2024-08-01 22:52:04'),
(16041, 873, 2, '2024-08-01 22:52:04'),
(16042, 874, 2, '2024-08-01 22:52:04'),
(16043, 875, 2, '2024-08-01 22:52:04'),
(16044, 876, 2, '2024-08-01 22:52:04'),
(16045, 877, 2, '2024-08-01 22:52:04'),
(16046, 878, 2, '2024-08-01 22:52:04'),
(16047, 879, 2, '2024-08-01 22:52:04'),
(16048, 880, 2, '2024-08-01 22:52:04'),
(16049, 881, 2, '2024-08-01 22:52:04'),
(16050, 883, 2, '2024-08-01 22:52:04'),
(16051, 884, 2, '2024-08-01 22:52:04'),
(16052, 885, 2, '2024-08-01 22:52:04'),
(16053, 887, 2, '2024-08-01 22:52:04'),
(16054, 889, 2, '2024-08-01 22:52:04'),
(16055, 893, 2, '2024-08-01 22:52:04'),
(16056, 894, 2, '2024-08-01 22:52:04'),
(16057, 895, 2, '2024-08-01 22:52:04'),
(16058, 897, 2, '2024-08-01 22:52:04'),
(16059, 898, 2, '2024-08-01 22:52:04'),
(16060, 899, 2, '2024-08-01 22:52:04'),
(16061, 900, 2, '2024-08-01 22:52:04'),
(16062, 902, 2, '2024-08-01 22:52:04'),
(16063, 904, 2, '2024-08-01 22:52:04'),
(16064, 906, 2, '2024-08-01 22:52:04'),
(16065, 907, 2, '2024-08-01 22:52:04'),
(16066, 909, 2, '2024-08-01 22:52:04'),
(16067, 913, 2, '2024-08-01 22:52:04'),
(16068, 914, 2, '2024-08-01 22:52:04'),
(16069, 915, 2, '2024-08-01 22:52:04'),
(16070, 916, 2, '2024-08-01 22:52:04'),
(16071, 917, 2, '2024-08-01 22:52:04'),
(16072, 918, 2, '2024-08-01 22:52:04'),
(16073, 919, 2, '2024-08-01 22:52:04'),
(16074, 925, 2, '2024-08-01 22:52:04'),
(16075, 927, 2, '2024-08-01 22:52:04'),
(16076, 929, 2, '2024-08-01 22:52:04'),
(16077, 931, 2, '2024-08-01 22:52:04'),
(16078, 932, 2, '2024-08-01 22:52:04'),
(16079, 933, 2, '2024-08-01 22:52:04'),
(16080, 934, 2, '2024-08-01 22:52:04'),
(16081, 936, 2, '2024-08-01 22:52:04'),
(16082, 937, 2, '2024-08-01 22:52:04'),
(16083, 493, 3, '2024-08-01 22:52:04'),
(16084, 495, 3, '2024-08-01 22:52:04'),
(16085, 497, 3, '2024-08-01 22:52:04'),
(16086, 521, 3, '2024-08-01 22:52:04'),
(16087, 523, 3, '2024-08-01 22:52:04'),
(16088, 545, 3, '2024-08-01 22:52:04'),
(16089, 549, 3, '2024-08-01 22:52:04'),
(16090, 550, 3, '2024-08-01 22:52:04'),
(16091, 551, 3, '2024-08-01 22:52:04'),
(16092, 553, 3, '2024-08-01 22:52:04'),
(16093, 554, 3, '2024-08-01 22:52:04'),
(16094, 567, 3, '2024-08-01 22:52:04'),
(16095, 569, 3, '2024-08-01 22:52:04'),
(16096, 575, 3, '2024-08-01 22:52:04'),
(16097, 578, 3, '2024-08-01 22:52:04'),
(16098, 582, 3, '2024-08-01 22:52:04'),
(16099, 583, 3, '2024-08-01 22:52:04'),
(16100, 584, 3, '2024-08-01 22:52:04'),
(16101, 589, 3, '2024-08-01 22:52:04'),
(16102, 592, 3, '2024-08-01 22:52:04'),
(16103, 593, 3, '2024-08-01 22:52:04'),
(16104, 597, 3, '2024-08-01 22:52:04'),
(16105, 598, 3, '2024-08-01 22:52:04'),
(16106, 601, 3, '2024-08-01 22:52:04'),
(16107, 604, 3, '2024-08-01 22:52:04'),
(16108, 606, 3, '2024-08-01 22:52:04'),
(16109, 607, 3, '2024-08-01 22:52:04'),
(16110, 612, 3, '2024-08-01 22:52:04'),
(16111, 613, 3, '2024-08-01 22:52:04'),
(16112, 620, 3, '2024-08-01 22:52:04'),
(16113, 625, 3, '2024-08-01 22:52:04'),
(16114, 641, 3, '2024-08-01 22:52:04'),
(16115, 643, 3, '2024-08-01 22:52:04'),
(16116, 649, 3, '2024-08-01 22:52:04'),
(16117, 651, 3, '2024-08-01 22:52:04'),
(16118, 656, 3, '2024-08-01 22:52:04'),
(16119, 657, 3, '2024-08-01 22:52:04'),
(16120, 671, 3, '2024-08-01 22:52:04'),
(16121, 672, 3, '2024-08-01 22:52:04'),
(16122, 678, 3, '2024-08-01 22:52:04'),
(16123, 679, 3, '2024-08-01 22:52:04'),
(16124, 682, 3, '2024-08-01 22:52:04'),
(16125, 685, 3, '2024-08-01 22:52:04'),
(16126, 686, 3, '2024-08-01 22:52:04'),
(16127, 690, 3, '2024-08-01 22:52:04'),
(16128, 693, 3, '2024-08-01 22:52:04'),
(16129, 694, 3, '2024-08-01 22:52:04'),
(16130, 695, 3, '2024-08-01 22:52:04'),
(16131, 697, 3, '2024-08-01 22:52:04'),
(16132, 701, 3, '2024-08-01 22:52:04'),
(16133, 702, 3, '2024-08-01 22:52:04'),
(16134, 703, 3, '2024-08-01 22:52:04'),
(16135, 708, 3, '2024-08-01 22:52:04'),
(16136, 709, 3, '2024-08-01 22:52:04'),
(16137, 713, 3, '2024-08-01 22:52:04'),
(16138, 718, 3, '2024-08-01 22:52:04'),
(16139, 719, 3, '2024-08-01 22:52:04'),
(16140, 721, 3, '2024-08-01 22:52:04'),
(16141, 725, 3, '2024-08-01 22:52:04'),
(16142, 727, 3, '2024-08-01 22:52:04'),
(16143, 728, 3, '2024-08-01 22:52:04'),
(16144, 729, 3, '2024-08-01 22:52:04'),
(16145, 736, 3, '2024-08-01 22:52:04'),
(16146, 744, 3, '2024-08-01 22:52:04'),
(16147, 746, 3, '2024-08-01 22:52:04'),
(16148, 749, 3, '2024-08-01 22:52:04'),
(16149, 755, 3, '2024-08-01 22:52:04'),
(16150, 756, 3, '2024-08-01 22:52:04'),
(16151, 757, 3, '2024-08-01 22:52:04'),
(16152, 758, 3, '2024-08-01 22:52:04'),
(16153, 760, 3, '2024-08-01 22:52:04'),
(16154, 761, 3, '2024-08-01 22:52:04'),
(16155, 763, 3, '2024-08-01 22:52:04'),
(16156, 769, 3, '2024-08-01 22:52:04'),
(16157, 770, 3, '2024-08-01 22:52:04'),
(16158, 775, 3, '2024-08-01 22:52:04'),
(16159, 778, 3, '2024-08-01 22:52:04'),
(16160, 779, 3, '2024-08-01 22:52:04'),
(16161, 784, 3, '2024-08-01 22:52:04'),
(16162, 790, 3, '2024-08-01 22:52:04'),
(16163, 793, 3, '2024-08-01 22:52:04'),
(16164, 800, 3, '2024-08-01 22:52:04'),
(16165, 807, 3, '2024-08-01 22:52:04'),
(16166, 808, 3, '2024-08-01 22:52:04'),
(16167, 809, 3, '2024-08-01 22:52:04'),
(16168, 810, 3, '2024-08-01 22:52:04'),
(16169, 818, 3, '2024-08-01 22:52:04'),
(16170, 823, 3, '2024-08-01 22:52:04'),
(16171, 830, 3, '2024-08-01 22:52:04'),
(16172, 835, 3, '2024-08-01 22:52:04'),
(16173, 841, 3, '2024-08-01 22:52:04'),
(16174, 844, 3, '2024-08-01 22:52:04'),
(16175, 845, 3, '2024-08-01 22:52:04'),
(16176, 847, 3, '2024-08-01 22:52:04'),
(16177, 850, 3, '2024-08-01 22:52:04'),
(16178, 852, 3, '2024-08-01 22:52:04'),
(16179, 853, 3, '2024-08-01 22:52:04'),
(16180, 860, 3, '2024-08-01 22:52:04'),
(16181, 866, 3, '2024-08-01 22:52:04'),
(16182, 872, 3, '2024-08-01 22:52:04'),
(16183, 882, 3, '2024-08-01 22:52:04'),
(16184, 886, 3, '2024-08-01 22:52:04'),
(16185, 888, 3, '2024-08-01 22:52:04'),
(16186, 890, 3, '2024-08-01 22:52:04'),
(16187, 891, 3, '2024-08-01 22:52:04'),
(16188, 892, 3, '2024-08-01 22:52:04'),
(16189, 896, 3, '2024-08-01 22:52:04'),
(16190, 901, 3, '2024-08-01 22:52:04'),
(16191, 903, 3, '2024-08-01 22:52:04'),
(16192, 905, 3, '2024-08-01 22:52:04'),
(16193, 908, 3, '2024-08-01 22:52:04'),
(16194, 910, 3, '2024-08-01 22:52:04'),
(16195, 911, 3, '2024-08-01 22:52:04'),
(16196, 912, 3, '2024-08-01 22:52:04'),
(16197, 920, 3, '2024-08-01 22:52:04'),
(16198, 921, 3, '2024-08-01 22:52:04'),
(16199, 922, 3, '2024-08-01 22:52:04'),
(16200, 923, 3, '2024-08-01 22:52:04'),
(16201, 924, 3, '2024-08-01 22:52:04'),
(16202, 926, 3, '2024-08-01 22:52:04'),
(16203, 928, 3, '2024-08-01 22:52:04'),
(16204, 930, 3, '2024-08-01 22:52:04'),
(16205, 935, 3, '2024-08-01 22:52:04');

-- --------------------------------------------------------

--
-- Struktur dari tabel `mahasiswa`
--

CREATE TABLE `mahasiswa` (
  `id` int(11) NOT NULL,
  `nama` varchar(255) NOT NULL,
  `ipk` float NOT NULL,
  `penghasilan_ayah` enum('0 - 500.000','500.000 - 999.999','1.000.000 - 1.999.999','2.000.000 - 4.999.999','> 5.000.000') DEFAULT NULL,
  `penghasilan_ibu` enum('0 - 500.000','500.000 - 999.999','1.000.000 - 1.999.999','2.000.000 - 4.999.999','> 5.000.000') DEFAULT NULL,
  `jumlah_tanggungan` int(10) NOT NULL,
  `angkatan` varchar(10) DEFAULT NULL
) ENGINE=InnoDB DEFAULT CHARSET=utf8mb4 COLLATE=utf8mb4_general_ci;

--
-- Dumping data untuk tabel `mahasiswa`
--

INSERT INTO `mahasiswa` (`id`, `nama`, `ipk`, `penghasilan_ayah`, `penghasilan_ibu`, `jumlah_tanggungan`, `angkatan`) VALUES
(475, 'ARIF ARMANSYAH', 1, '500.000 - 999.999', '0 - 500.000', 3, '2022'),
(476, 'ENDHANG SATRIO WICAKSONO', 1.07, '500.000 - 999.999', '500.000 - 999.999', 4, '2022'),
(477, 'SRI BISMA AHMAD TAUFIK', 1.07, '500.000 - 999.999', '0 - 500.000', 2, '2021'),
(478, 'Muhammad Fahrul Arumasi', 1.21, '0 - 500.000', '0 - 500.000', 1, '2021'),
(479, 'ILHAM YONATAMA ', 1.33, '2.000.000 - 4.999.999', '2.000.000 - 4.999.999', 1, '2020'),
(480, '\\\'IZAAZ ANDIKA ARDIANSYAH ', 1.43, '0 - 500.000', '0 - 500.000', 2, '2022'),
(481, 'Rhoni Buana Tri Atmojo', 1.43, '2.000.000 - 4.999.999', '0 - 500.000', 5, '2022'),
(482, 'MUHAMMAD ILHAM SUSANTO', 1.54, '2.000.000 - 4.999.999', '2.000.000 - 4.999.999', 2, '2021'),
(483, 'ISMAIL BIL HANTORO', 1.6, '1.000.000 - 1.999.999', '1.000.000 - 1.999.999', 3, '2020'),
(484, 'FAJAR MIFTAHUL HUDA', 1.62, '0 - 500.000', '0 - 500.000', 2, '2021'),
(485, 'Tsaniya Lulu Fauza', 1.63, '2.000.000 - 4.999.999', '0 - 500.000', 1, '2022'),
(486, 'ANDIK PRASETIYO', 1.64, '500.000 - 999.999', '0 - 500.000', 3, '2021'),
(487, 'ROBY TRI WICAKSONO', 1.64, '1.000.000 - 1.999.999', '0 - 500.000', 3, '2022'),
(488, 'Ahmad Maulana Iqbal', 1.71, '2.000.000 - 4.999.999', '0 - 500.000', 2, '2021'),
(489, 'FAZYA FADILLA PUTRI BARURI', 1.75, '1.000.000 - 1.999.999', '0 - 500.000', 3, '2021'),
(490, 'ERWIN EGA CAHYA', 1.79, '0 - 500.000', '0 - 500.000', 3, '2022'),
(491, 'Makhbub Khoirul fikkri', 1.79, '500.000 - 999.999', '500.000 - 999.999', 2, '2021'),
(492, 'FAJAR RIANA', 1.8, '500.000 - 999.999', '500.000 - 999.999', 2, '2020'),
(493, 'RANING MARDAYANI', 1.8, '2.000.000 - 4.999.999', '2.000.000 - 4.999.999', 1, '2020'),
(494, 'VYCCO SANDHI RACHMA ROESTANDI', 1.83, '0 - 500.000', '0 - 500.000', 4, '2021'),
(495, 'MUHAMMAD DIVA FAUZI NUR ROSYID', 1.9, '2.000.000 - 4.999.999', '2.000.000 - 4.999.999', 2, '2023'),
(496, 'NOVERTA ADITYA PURWANTO', 1.9, '0 - 500.000', '0 - 500.000', 1, '2021'),
(497, 'FALAQ ILHAM FAZAL HAQ', 1.91, '2.000.000 - 4.999.999', '2.000.000 - 4.999.999', 2, '2022'),
(498, 'TRI BINUKO ', 1.92, '0 - 500.000', '0 - 500.000', 4, '2022'),
(499, 'FEBRIAN SULISYANTIO', 1.93, '0 - 500.000', '1.000.000 - 1.999.999', 3, '2023'),
(500, 'GILANG ARIAGHI DEVARA', 1.94, '1.000.000 - 1.999.999', '0 - 500.000', 4, '2021'),
(501, 'AWANDA BRALIN PRABANDINI', 1.95, '2.000.000 - 4.999.999', '0 - 500.000', 2, '2020'),
(502, 'Tyas winantu pambagyo', 2, '500.000 - 999.999', '0 - 500.000', 1, '2023'),
(503, 'Natasya Cindy Rafika Cahyaningrum', 2.03, '500.000 - 999.999', '500.000 - 999.999', 1, '2020'),
(504, 'DINO ARYA FINANDA', 2.05, '500.000 - 999.999', '500.000 - 999.999', 2, '2023'),
(505, 'NASRUL NURCHOLIS', 2.08, '0 - 500.000', '0 - 500.000', 5, '2022'),
(506, 'REVA FITRIYANA AL MUSTOFA ', 2.15, '2.000.000 - 4.999.999', '0 - 500.000', 2, '2022'),
(507, 'AKMAL PUTRA AL FAIZ', 2.17, '1.000.000 - 1.999.999', '500.000 - 999.999', 3, '2021'),
(508, 'Ananda Tegar Dwi Pamungkas', 2.17, '1.000.000 - 1.999.999', '1.000.000 - 1.999.999', 2, '2022'),
(509, 'NOVAL DANI SANJAYA', 2.17, '500.000 - 999.999', '1.000.000 - 1.999.999', 1, '2021'),
(510, 'FATKHURROHMAN HALUDI', 2.18, '1.000.000 - 1.999.999', '2.000.000 - 4.999.999', 3, '2021'),
(511, 'BAGUS RISKY ICHSANHALIM', 2.21, '0 - 500.000', '1.000.000 - 1.999.999', 3, '2021'),
(512, 'KRISNA NURHUDA CIPTAPRATAMA', 2.21, '2.000.000 - 4.999.999', '1.000.000 - 1.999.999', 2, '2021'),
(513, 'FAHRUR ROZI', 2.22, '500.000 - 999.999', '0 - 500.000', 2, '2021'),
(514, 'ARGA JUAN RIZKY MA\\\'RIFATTULLOH', 2.23, '500.000 - 999.999', '0 - 500.000', 1, '2021'),
(515, 'RAIHAN WIKU BHAKTI', 2.26, '2.000.000 - 4.999.999', '2.000.000 - 4.999.999', 4, '2020'),
(516, 'SEPTA NUGRAHA SAPUTRA', 2.26, '1.000.000 - 1.999.999', '1.000.000 - 1.999.999', 2, '2021'),
(517, 'ADRIK JAMALUDIN', 2.28, '0 - 500.000', '2.000.000 - 4.999.999', 3, '2023'),
(518, 'SABIKHISMA FIDDINNA RIZKI PRASETYYO', 2.28, '1.000.000 - 1.999.999', '1.000.000 - 1.999.999', 2, '2020'),
(519, 'MUHAMMAD ARDIYAN MAULANA', 2.3, '500.000 - 999.999', '500.000 - 999.999', 3, '2022'),
(520, 'FERNANDA AZIZ ADEWANA', 2.31, '2.000.000 - 4.999.999', '0 - 500.000', 3, '2022'),
(521, 'PANJI HIMAWAN NUR RIZKY R', 2.31, '2.000.000 - 4.999.999', '0 - 500.000', 1, '2021'),
(522, 'DIMAS CAHYA PUTRA GUNAWAN', 2.32, '0 - 500.000', '0 - 500.000', 2, '2021'),
(523, 'BAGUS PRAYOGA PRAMUDA', 2.33, '> 5.000.000', '1.000.000 - 1.999.999', 2, '2022'),
(524, 'DICY ZALFA FIROS ', 2.33, '1.000.000 - 1.999.999', '0 - 500.000', 2, '2023'),
(525, 'Muhammad Hana Briliant Asyrofi', 2.33, '2.000.000 - 4.999.999', '0 - 500.000', 2, '2022'),
(526, 'FAIZAL AKBAR', 2.35, '500.000 - 999.999', '1.000.000 - 1.999.999', 2, '2023'),
(527, 'MUHAMAD RIJALUL ALAM ASHIDQI', 2.43, '2.000.000 - 4.999.999', '1.000.000 - 1.999.999', 2, '2020'),
(528, 'AFIDZ BANGUN PRASTYO', 2.47, '500.000 - 999.999', '500.000 - 999.999', 2, '2021'),
(529, 'ABU NAIM', 2.48, '0 - 500.000', '0 - 500.000', 2, '2022'),
(530, 'ADIB ADZFARUL FUADI', 2.53, '1.000.000 - 1.999.999', '0 - 500.000', 3, '2022'),
(531, 'ANGGA FAJAR KUSUMA', 2.53, '2.000.000 - 4.999.999', '0 - 500.000', 3, '2020'),
(532, 'DONI KUSUMA ARTA WIJAYA', 2.53, '> 5.000.000', '0 - 500.000', 4, '2022'),
(533, 'SETIAWAN JOKO PRAKOSO ', 2.53, '500.000 - 999.999', '0 - 500.000', 1, '2022'),
(534, 'ISHAQ', 2.56, '1.000.000 - 1.999.999', '500.000 - 999.999', 2, '2021'),
(535, 'FAIZAL ADI NUGROHO ', 2.58, '500.000 - 999.999', '0 - 500.000', 3, '2022'),
(536, 'IKSAN MAULANA', 2.58, '0 - 500.000', '0 - 500.000', 4, '2022'),
(537, 'NURUL NGIZATI MALIYANA', 2.59, '0 - 500.000', '0 - 500.000', 2, '2021'),
(538, 'Ameylia Turfah Rofidah ', 2.63, '1.000.000 - 1.999.999', '0 - 500.000', 5, '2023'),
(539, 'Husnul hafizh rosyidiin', 2.63, '0 - 500.000', '0 - 500.000', 2, '2021'),
(540, 'LA MARNO', 2.64, '500.000 - 999.999', '0 - 500.000', 3, '2022'),
(541, 'AHMAD MUHAMMAD', 2.65, '0 - 500.000', '0 - 500.000', 4, '2023'),
(542, 'Deka Cesar Amando', 2.65, '2.000.000 - 4.999.999', '0 - 500.000', 5, '2020'),
(543, 'YUNNI ADIYANTARI', 2.65, '500.000 - 999.999', '0 - 500.000', 3, '2021'),
(544, 'DICKY RIF\\\'AN FIRMANSYAH', 2.68, '2.000.000 - 4.999.999', '0 - 500.000', 3, '2022'),
(545, 'NAUFAL EZRA ARBAN', 2.68, '> 5.000.000', '2.000.000 - 4.999.999', 1, '2023'),
(546, 'DAFFA BAGUS APRIALDO', 2.69, '500.000 - 999.999', '0 - 500.000', 1, '2022'),
(547, 'YAHYA NOUR FAUZAN', 2.69, '1.000.000 - 1.999.999', '0 - 500.000', 2, '2022'),
(548, 'BRYAN GALANG PRAMUNEGARA', 2.7, '1.000.000 - 1.999.999', '500.000 - 999.999', 3, '2022'),
(549, 'MUHAMMAD ZAYDAN MUKTAFA', 2.7, '2.000.000 - 4.999.999', '1.000.000 - 1.999.999', 1, '2022'),
(550, 'NOV FIARI RAMADHAN', 2.7, '2.000.000 - 4.999.999', '2.000.000 - 4.999.999', 2, '2020'),
(551, 'YOGI PRAMOEDYA WIJAKSONO', 2.71, '2.000.000 - 4.999.999', '0 - 500.000', 1, '2022'),
(552, 'MOHAMAD VIKAR DIO LOPES ISLAMI', 2.72, '0 - 500.000', '0 - 500.000', 1, '2020'),
(553, 'MUHAMMAD IBNU ATHOILLAH ', 2.73, '1.000.000 - 1.999.999', '0 - 500.000', 1, '2022'),
(554, 'ZAHRANI AGMA ARDHIANI, A.MA', 2.73, '2.000.000 - 4.999.999', '2.000.000 - 4.999.999', 2, '2022'),
(555, 'MUHAMMAD FIKROTUL ULYA AS-SIDDIEQ', 2.74, '500.000 - 999.999', '0 - 500.000', 2, '2021'),
(556, 'ALIEFAH SYALMA RATSDEA MUFTTI', 2.75, '500.000 - 999.999', '0 - 500.000', 4, '2021'),
(557, 'HAYKAL GAZA MUHAMMAD', 2.75, '1.000.000 - 1.999.999', '500.000 - 999.999', 2, '2022'),
(558, 'IMAM GALIH PRAYITNO', 2.75, '2.000.000 - 4.999.999', '0 - 500.000', 5, '2022'),
(559, 'IN\\\'AM VAVIANSYAH H', 2.75, '0 - 500.000', '0 - 500.000', 2, '2022'),
(560, 'MUHAMMAD ILHAM', 2.75, '2.000.000 - 4.999.999', '0 - 500.000', 3, '2020'),
(561, 'PUTRISA EKA DIFRILA ', 2.76, '0 - 500.000', '0 - 500.000', 4, '2022'),
(562, 'Abid Ghufron Fuad', 2.78, '500.000 - 999.999', '500.000 - 999.999', 5, '2023'),
(563, 'ANGGI PRASETYO', 2.78, '500.000 - 999.999', '0 - 500.000', 3, '2023'),
(564, 'davif Adi Prayogo', 2.78, '500.000 - 999.999', '500.000 - 999.999', 3, '2022'),
(565, 'Muhammad faqih izzudin', 2.78, '1.000.000 - 1.999.999', '0 - 500.000', 3, '2023'),
(566, 'RACHMAT DWI ARYANTO', 2.78, '0 - 500.000', '0 - 500.000', 4, '2022'),
(567, 'BAGUS ANTON PRIHANTORO', 2.79, '1.000.000 - 1.999.999', '2.000.000 - 4.999.999', 2, '2020'),
(568, 'AREL EZA AFANDI', 2.8, '500.000 - 999.999', '500.000 - 999.999', 1, '2022'),
(569, 'MOH. FIZAR MAULANA IKMAL', 2.8, '1.000.000 - 1.999.999', '1.000.000 - 1.999.999', 1, '2022'),
(570, 'MOH. RIFQI NURFAISANDI', 2.8, '500.000 - 999.999', '0 - 500.000', 2, '2021'),
(571, 'MUHAMMAD SIVAUNNAZAR', 2.8, '2.000.000 - 4.999.999', '2.000.000 - 4.999.999', 5, '2022'),
(572, 'TEGAR SINABOLANG ', 2.8, '0 - 500.000', '1.000.000 - 1.999.999', 2, '2023'),
(573, 'FAHRYAN WAHYU FIRMANSYAH', 2.81, '1.000.000 - 1.999.999', '0 - 500.000', 3, '2020'),
(574, 'Galfin Fadhila Abiyyu', 2.81, '500.000 - 999.999', '500.000 - 999.999', 2, '2022'),
(575, 'Yusron Kristanto', 2.81, '1.000.000 - 1.999.999', '1.000.000 - 1.999.999', 1, '2022'),
(576, 'PAMUNGKAS IMAM SUGANDI', 2.82, '0 - 500.000', '0 - 500.000', 3, '2021'),
(577, 'HALIM FEBIANTORO', 2.83, '1.000.000 - 1.999.999', '0 - 500.000', 3, '2022'),
(578, 'Kisawa Wildan Nuha', 2.83, '2.000.000 - 4.999.999', '0 - 500.000', 2, '2023'),
(579, 'MUHAMMAD SHOLEHUDIN', 2.83, '0 - 500.000', '1.000.000 - 1.999.999', 3, '2023'),
(580, 'MUHAMMAD ZAMZAM FIRDAUS', 2.83, '1.000.000 - 1.999.999', '0 - 500.000', 4, '2023'),
(581, 'RONALD HADI SETIAWAN', 2.85, '500.000 - 999.999', '0 - 500.000', 2, '2022'),
(582, 'ADELYA ARMIAJI ILHAM ', 2.86, '2.000.000 - 4.999.999', '0 - 500.000', 1, '2020'),
(583, 'ANGGUN WILDA MILA EKASARI', 2.86, '1.000.000 - 1.999.999', '0 - 500.000', 1, '2020'),
(584, 'INTAN PUTRI PERMATASARI', 2.86, '2.000.000 - 4.999.999', '2.000.000 - 4.999.999', 2, '2020'),
(585, 'MUHAMMAD SIDIQ GOZALI ', 2.86, '500.000 - 999.999', '500.000 - 999.999', 5, '2022'),
(586, 'NASRUL ADITRI RAHMANDIKA', 2.88, '1.000.000 - 1.999.999', '0 - 500.000', 2, '2022'),
(587, 'NICHO ANANDA PUTRA', 2.88, '1.000.000 - 1.999.999', '0 - 500.000', 3, '2021'),
(588, 'RIDWAN NUR HAMID', 2.88, '500.000 - 999.999', '0 - 500.000', 2, '2022'),
(589, 'WILDAN SAKTIKA NUGRAHA ', 2.88, '2.000.000 - 4.999.999', '2.000.000 - 4.999.999', 1, '2023'),
(590, 'Abdullah Ahmad Zulfikar', 2.9, '500.000 - 999.999', '0 - 500.000', 3, '2023'),
(591, 'ARIF JATI KUSUMA SUWANDI', 2.9, '500.000 - 999.999', '0 - 500.000', 3, '2022'),
(592, 'BINTANG FAJAR ARDIANSYAH', 2.9, '2.000.000 - 4.999.999', '0 - 500.000', 2, '2022'),
(593, 'DIMAS NAZLA PRASETIANTO', 2.9, '2.000.000 - 4.999.999', '2.000.000 - 4.999.999', 3, '2022'),
(594, 'RENDY PRASETYO', 2.9, '2.000.000 - 4.999.999', '0 - 500.000', 3, '2022'),
(595, 'DYAH NURMALITASARI', 2.93, '500.000 - 999.999', '0 - 500.000', 2, '2022'),
(596, 'Putri Febrianti ', 2.93, '500.000 - 999.999', '0 - 500.000', 2, '2023'),
(597, 'SITI INDRIYANI', 2.93, '0 - 500.000', '1.000.000 - 1.999.999', 1, '2023'),
(598, 'GALIH PURBO DANU KISOWO', 2.94, '2.000.000 - 4.999.999', '2.000.000 - 4.999.999', 4, '2021'),
(599, 'MILA NUR JANAH', 2.94, '0 - 500.000', '0 - 500.000', 2, '2021'),
(600, 'DINDA SEPTYANA', 2.95, '0 - 500.000', '500.000 - 999.999', 1, '2020'),
(601, 'BAMBANG SUCIATMOJO', 2.96, '2.000.000 - 4.999.999', '0 - 500.000', 2, '2020'),
(602, 'ANDYRA ALDY KURNIAWAN', 2.97, '2.000.000 - 4.999.999', '0 - 500.000', 4, '2021'),
(603, 'Muhammad Ridwan Hidayatulloh', 2.97, '500.000 - 999.999', '0 - 500.000', 3, '2021'),
(604, 'AMELYA NOVPARWINKA ', 2.98, '2.000.000 - 4.999.999', '2.000.000 - 4.999.999', 4, '2023'),
(605, 'KHOLIF CAHYO ROSO', 2.98, '0 - 500.000', '0 - 500.000', 2, '2023'),
(606, 'MAS AYU BERLIANA CITRA SALSA BILA', 2.98, '1.000.000 - 1.999.999', '0 - 500.000', 1, '2023'),
(607, 'RIGANDI RAMADHANI', 2.98, '1.000.000 - 1.999.999', '1.000.000 - 1.999.999', 1, '2022'),
(608, 'AGIL SALAHUDIN', 3, '0 - 500.000', '1.000.000 - 1.999.999', 2, '2020'),
(609, 'AGUNG PRIAMBODO', 3, '500.000 - 999.999', '0 - 500.000', 5, '2015'),
(610, 'Anggarizki Candra Purnama', 3, '0 - 500.000', '1.000.000 - 1.999.999', 2, '2022'),
(611, 'AWALUDIN NUR KHABIBI', 3, '0 - 500.000', '1.000.000 - 1.999.999', 3, '2022'),
(612, 'DAMAS ADHI PRASETYO', 3, '2.000.000 - 4.999.999', '0 - 500.000', 2, '2023'),
(613, 'DINA KUMALA SARI', 3, '> 5.000.000', '1.000.000 - 1.999.999', 1, '2020'),
(614, 'ENDY FIRJATUL MAHFUT ', 3, '500.000 - 999.999', '0 - 500.000', 3, '2021'),
(615, 'MUHAMMAD REZA', 3, '0 - 500.000', '0 - 500.000', 3, '2020'),
(616, 'NAWA ZULFA ROHADA \\\'AYS', 3, '0 - 500.000', '0 - 500.000', 2, '2020'),
(617, 'SALSABILA MEILA PUTRI', 3, '1.000.000 - 1.999.999', '0 - 500.000', 2, '2020'),
(618, 'WARDANA JAYA KUSUMA', 3, '0 - 500.000', '0 - 500.000', 1, '2020'),
(619, 'YURI ASIVA NASTITI', 3, '1.000.000 - 1.999.999', '500.000 - 999.999', 4, '2020'),
(620, 'FERIAL TEGAR CAHYA WARDANA', 3.03, '2.000.000 - 4.999.999', '1.000.000 - 1.999.999', 2, '2020'),
(621, 'HANIF IHSAN HAVIS', 3.03, '500.000 - 999.999', '0 - 500.000', 3, '2022'),
(622, 'Prince Betta Vistra Padma Negara', 3.03, '1.000.000 - 1.999.999', '0 - 500.000', 2, '2022'),
(623, 'SITI HARDYASTUTI RINDI ASHWARI', 3.03, '0 - 500.000', '0 - 500.000', 3, '2023'),
(624, 'Fabio Fajar Kurniawan', 3.04, '1.000.000 - 1.999.999', '500.000 - 999.999', 3, '2020'),
(625, '\\\'AISYAH SUCI PERMATASARI', 3.05, '2.000.000 - 4.999.999', '0 - 500.000', 1, '2020'),
(626, 'ALVIN ANDRIANSYAH', 3.05, '500.000 - 999.999', '0 - 500.000', 2, '2023'),
(627, 'ANDIKA FERDY KURNIAWAN', 3.05, '1.000.000 - 1.999.999', '0 - 500.000', 2, '2022'),
(628, 'BAGUS WAHYU PRADANA', 3.05, '1.000.000 - 1.999.999', '0 - 500.000', 2, '2020'),
(629, 'BAGUS WAHYU PRADANA', 3.05, '1.000.000 - 1.999.999', '0 - 500.000', 2, '2020'),
(630, 'CINDI ARSIDA PUTRI', 3.05, '0 - 500.000', '500.000 - 999.999', 2, '2023'),
(631, 'NGAINUL FALDIANA', 3.05, '0 - 500.000', '0 - 500.000', 2, '2022'),
(632, 'YURA WIZNU PREGIFTA', 3.05, '0 - 500.000', '500.000 - 999.999', 2, '2023'),
(633, 'LAUNIK FATAMMA', 3.07, '0 - 500.000', '0 - 500.000', 2, '2022'),
(634, 'RIDWAN YULINDRA MEGANANDA', 3.07, '1.000.000 - 1.999.999', '0 - 500.000', 3, '2020'),
(635, 'RIGO FEBBY MAHENDRA', 3.07, '1.000.000 - 1.999.999', '0 - 500.000', 3, '2020'),
(636, 'ANDIKA DWI PUTRA', 3.08, '0 - 500.000', '0 - 500.000', 4, '2023'),
(637, 'BAGOES JAELANI KUBRO', 3.08, '0 - 500.000', '0 - 500.000', 1, '2022'),
(638, 'FAISAL MUSTAGHFIRULLAH', 3.08, '1.000.000 - 1.999.999', '0 - 500.000', 2, '2022'),
(639, 'NOVIYAN RIZKY RAMADHAN', 3.08, '1.000.000 - 1.999.999', '1.000.000 - 1.999.999', 3, '2023'),
(640, 'RASINTIA LILA YULIANTI', 3.08, '0 - 500.000', '0 - 500.000', 4, '2023'),
(641, 'SHERLY MAYNDHA AYUNINGTYAS', 3.08, '2.000.000 - 4.999.999', '1.000.000 - 1.999.999', 2, '2022'),
(642, 'Yofhi Fauda Pradana', 3.08, '2.000.000 - 4.999.999', '2.000.000 - 4.999.999', 5, '2021'),
(643, 'ARDI RAHMATONI', 3.09, '2.000.000 - 4.999.999', '0 - 500.000', 2, '2020'),
(644, 'DANANG SUMINAR DWI CAHYO', 3.09, '500.000 - 999.999', '0 - 500.000', 3, '2021'),
(645, 'DEWI PUSPITA NINGRUM', 3.09, '2.000.000 - 4.999.999', '0 - 500.000', 4, '2020'),
(646, 'EGY DIAS MAHARDIKA', 3.09, '2.000.000 - 4.999.999', '0 - 500.000', 5, '2020'),
(647, 'HISYAM MU\\\'AMMAR QUSHAYYI', 3.1, '1.000.000 - 1.999.999', '0 - 500.000', 3, '2022'),
(648, 'M. ABDURROKHIM AL HIKAM', 3.1, '500.000 - 999.999', '0 - 500.000', 3, '2020'),
(649, 'Muhammad Rifqi Aminulloh', 3.1, '0 - 500.000', '2.000.000 - 4.999.999', 1, '2023'),
(650, 'NOVIA CORNEYLA', 3.1, '500.000 - 999.999', '0 - 500.000', 1, '2021'),
(651, 'OSAMA SADDAM LUTFHI', 3.1, '2.000.000 - 4.999.999', '0 - 500.000', 2, '2022'),
(652, 'ARDITTA NUGRAHINNI', 3.11, '0 - 500.000', '0 - 500.000', 3, '2020'),
(653, 'HANUN LUTFIAH', 3.11, '500.000 - 999.999', '0 - 500.000', 1, '2020'),
(654, 'Yusuf Abdullah muzakki ', 3.11, '0 - 500.000', '0 - 500.000', 2, '2020'),
(655, 'BUDI SAPUTRO ', 3.13, '0 - 500.000', '0 - 500.000', 1, '2022'),
(656, 'Gazza Nugraha Putra ', 3.13, '1.000.000 - 1.999.999', '500.000 - 999.999', 1, '2022'),
(657, 'HAFIDZ MAULANA ', 3.13, '1.000.000 - 1.999.999', '0 - 500.000', 1, '2023'),
(658, 'HENGKI BAGUS SAPUTRA', 3.13, '500.000 - 999.999', '0 - 500.000', 2, '2023'),
(659, 'INTAN ARIMA PRIYANTI', 3.13, '500.000 - 999.999', '0 - 500.000', 2, '2023'),
(660, 'MOHAMAD NATHANDYAJATI WIDYANTO', 3.13, '2.000.000 - 4.999.999', '0 - 500.000', 4, '2022'),
(661, 'MUHAMMAD QOHAR', 3.13, '0 - 500.000', '500.000 - 999.999', 2, '2020'),
(662, 'RADITYO RAHMADDIONO PUTRA', 3.13, '2.000.000 - 4.999.999', '0 - 500.000', 5, '2022'),
(663, 'SALMA BELA WATI', 3.13, '500.000 - 999.999', '0 - 500.000', 2, '2023'),
(664, 'STEPANUS PRATAMA', 3.13, '0 - 500.000', '0 - 500.000', 3, '2021'),
(665, 'AGNES SEPTIANA MARISCA', 3.14, '0 - 500.000', '0 - 500.000', 4, '2020'),
(666, 'FAKIH KUNCORO', 3.14, '500.000 - 999.999', '0 - 500.000', 5, '2020'),
(667, 'NAMIRA VENTINIA PITALOKA', 3.14, '500.000 - 999.999', '1.000.000 - 1.999.999', 3, '2020'),
(668, 'REZA DICKIPRABOWO', 3.14, '0 - 500.000', '500.000 - 999.999', 3, '2020'),
(669, 'YUSRON WIRAWANTO', 3.14, '1.000.000 - 1.999.999', '0 - 500.000', 3, '2020'),
(670, 'AWANGGA BINTANG MAULANA', 3.15, '1.000.000 - 1.999.999', '0 - 500.000', 4, '2022'),
(671, 'Bryan Dito Pallesa', 3.15, '1.000.000 - 1.999.999', '1.000.000 - 1.999.999', 2, '2023'),
(672, 'DEVITHA RATU ALAMSYACH', 3.15, '2.000.000 - 4.999.999', '0 - 500.000', 1, '2021'),
(673, 'Farid Ridwan', 3.15, '0 - 500.000', '0 - 500.000', 1, '2023'),
(674, 'MUNIF ARDIANSYAH', 3.15, '1.000.000 - 1.999.999', '500.000 - 999.999', 2, '2022'),
(675, 'NABIL EKA ARDHANI', 3.15, '> 5.000.000', '0 - 500.000', 5, '2023'),
(676, 'NUR FERDIANSYAH', 3.15, '1.000.000 - 1.999.999', '0 - 500.000', 2, '2023'),
(677, 'SYAIKUL MUQOROBIN', 3.15, '0 - 500.000', '0 - 500.000', 3, '2022'),
(678, 'AURORA NUR KUSUMA', 3.17, '1.000.000 - 1.999.999', '1.000.000 - 1.999.999', 2, '2022'),
(679, 'FERDYNAND MUSTOFA HULAIMY', 3.17, '> 5.000.000', '1.000.000 - 1.999.999', 1, '2022'),
(680, 'NUWAF FAJAR RAMADHAN', 3.17, '500.000 - 999.999', '0 - 500.000', 3, '2022'),
(681, 'NUWAF FAJAR RAMADHAN', 3.17, '500.000 - 999.999', '0 - 500.000', 3, '2022'),
(682, 'Rizaldi Ahya Fauzi', 3.17, '> 5.000.000', '0 - 500.000', 2, '2020'),
(683, ' BAGUS NURHANNUDIN', 3.18, '0 - 500.000', '0 - 500.000', 5, '2021'),
(684, 'AYU SRI MARDIYANTI', 3.18, '0 - 500.000', '1.000.000 - 1.999.999', 3, '2023'),
(685, 'YAZID FAUZAN NUR ASHFANI', 3.18, '2.000.000 - 4.999.999', '2.000.000 - 4.999.999', 2, '2021'),
(686, 'ALFO DELIL RISKI ', 3.2, '> 5.000.000', '0 - 500.000', 1, '2023'),
(687, 'CHOIRI ARDI NUR ROHMAD', 3.2, '500.000 - 999.999', '0 - 500.000', 2, '2023'),
(688, 'EVA DWI YANTI', 3.2, '500.000 - 999.999', '0 - 500.000', 3, '2023'),
(689, 'FADHLULLAH YOGA WICAHYONO', 3.2, '500.000 - 999.999', '0 - 500.000', 2, '2021'),
(690, 'HARLIA RIZKI FADILA', 3.2, '2.000.000 - 4.999.999', '500.000 - 999.999', 2, '2022'),
(691, 'HERU DWI SETIAWAN', 3.2, '0 - 500.000', '0 - 500.000', 1, '2023'),
(692, 'ICHSAN JULI DARMAWAN', 3.2, '0 - 500.000', '0 - 500.000', 3, '2023'),
(693, 'kresenzius hidevano tyando putra', 3.2, '0 - 500.000', '> 5.000.000', 4, '2023'),
(694, 'MOH AZIS ROSYID MUZAKY', 3.2, '> 5.000.000', '0 - 500.000', 2, '2021'),
(695, 'Oktavian Dwi Faisul Hasan', 3.2, '2.000.000 - 4.999.999', '1.000.000 - 1.999.999', 1, '2023'),
(696, 'YUDA SETIYAWAN                    ', 3.2, '0 - 500.000', '500.000 - 999.999', 2, '2020'),
(697, 'Aldyth Fonda Rachmadani', 3.21, '500.000 - 999.999', '2.000.000 - 4.999.999', 2, '2020'),
(698, 'MUHAMMAD UMAR MUSA AL-FARUQ', 3.21, '500.000 - 999.999', '0 - 500.000', 2, '2020'),
(699, 'PUTRI MIYA GUNAWAN ', 3.21, '0 - 500.000', '0 - 500.000', 2, '2020'),
(700, 'RISMA SITADEWI', 3.21, '500.000 - 999.999', '0 - 500.000', 2, '2020'),
(701, 'YOGA PUTRA PRATAMA ', 3.21, '2.000.000 - 4.999.999', '0 - 500.000', 2, '2021'),
(702, 'MUHAMAD FIKRI', 3.23, '1.000.000 - 1.999.999', '500.000 - 999.999', 1, '2021'),
(703, 'MUHAMMAD ANDARA GHAZY AR RAMADHAN', 3.23, '1.000.000 - 1.999.999', '0 - 500.000', 1, '2022'),
(704, 'NANDA AGRANDIS', 3.23, '2.000.000 - 4.999.999', '0 - 500.000', 3, '2022'),
(705, 'DEVI TANIYA AYU SHOLIKAH', 3.24, '500.000 - 999.999', '0 - 500.000', 3, '2021'),
(706, 'Ajudya Andika Putra Pranata', 3.25, '500.000 - 999.999', '0 - 500.000', 2, '2020'),
(707, 'Akhmad tio febriansyah', 3.25, '2.000.000 - 4.999.999', '0 - 500.000', 3, '2022'),
(708, 'Dimas rokhim dwi saputra', 3.25, '1.000.000 - 1.999.999', '1.000.000 - 1.999.999', 1, '2020'),
(709, 'EDWIN FEBRYWINATA', 3.25, '2.000.000 - 4.999.999', '0 - 500.000', 1, '2021'),
(710, 'Faza Dzakiya Luthfi Kharisma Putra', 3.25, '1.000.000 - 1.999.999', '500.000 - 999.999', 3, '2023'),
(711, 'Rafi Nur Fauzan ', 3.25, '500.000 - 999.999', '500.000 - 999.999', 2, '2022'),
(712, 'Resa Budi Prasetyo', 3.25, '500.000 - 999.999', '0 - 500.000', 2, '2021'),
(713, 'SITI MUTHOBINGAH', 3.25, '1.000.000 - 1.999.999', '1.000.000 - 1.999.999', 2, '2020'),
(714, 'Syeda Aliya Bukhari ', 3.25, '1.000.000 - 1.999.999', '0 - 500.000', 2, '2021'),
(715, 'Wildan Syauqi Robbi', 3.25, '500.000 - 999.999', '500.000 - 999.999', 2, '2020'),
(716, 'YOVIE NURURHAKIM', 3.25, '500.000 - 999.999', '500.000 - 999.999', 1, '2022'),
(717, 'ZAKI LA TANSA', 3.25, '500.000 - 999.999', '0 - 500.000', 1, '2022'),
(718, 'Achsa Bintang Ameylea', 3.26, '2.000.000 - 4.999.999', '0 - 500.000', 1, '2020'),
(719, 'Dipta Wahyu Pebriansyah', 3.26, '1.000.000 - 1.999.999', '1.000.000 - 1.999.999', 1, '2020'),
(720, 'MUH. SYARIF HIDAYATULLAH', 3.26, '500.000 - 999.999', '500.000 - 999.999', 1, '2020'),
(721, 'GHAUZAR ANDHIKA AKBAR', 3.27, '1.000.000 - 1.999.999', '1.000.000 - 1.999.999', 1, '2020'),
(722, 'AGYA GILAR CAHYONO ', 3.28, '0 - 500.000', '0 - 500.000', 2, '2023'),
(723, 'BAYU SAPUTRA ', 3.28, '0 - 500.000', '0 - 500.000', 2, '2023'),
(724, 'HANAFI LUQMAN HAKIM', 3.28, '0 - 500.000', '0 - 500.000', 2, '2023'),
(725, 'HARJUNA INDRA RAMANDHA', 3.28, '1.000.000 - 1.999.999', '1.000.000 - 1.999.999', 2, '2020'),
(726, 'IBNU BAYU MUSYAFIR', 3.28, '500.000 - 999.999', '0 - 500.000', 4, '2023'),
(727, 'Lukman Abdul Hamid Marzuqi ', 3.28, '1.000.000 - 1.999.999', '2.000.000 - 4.999.999', 3, '2023'),
(728, 'MUHAMAD ARUNDA DZAKY MUBAROK', 3.28, '2.000.000 - 4.999.999', '500.000 - 999.999', 2, '2022'),
(729, 'RIDHO GILANG WICAKSONO', 3.28, '> 5.000.000', '0 - 500.000', 2, '2022'),
(730, 'SHUCI RIYANA WATI', 3.28, '0 - 500.000', '1.000.000 - 1.999.999', 2, '2021'),
(731, 'SUPRIONO', 3.28, '0 - 500.000', '0 - 500.000', 1, '2021'),
(732, 'AHMAD CHOIRUL ANWARI', 3.29, '500.000 - 999.999', '0 - 500.000', 1, '2021'),
(733, 'intan wahyu widya saputri', 3.29, '500.000 - 999.999', '0 - 500.000', 1, '2022'),
(734, 'ADITYA ANDRIAN KRISNA BUDI', 3.3, '500.000 - 999.999', '0 - 500.000', 1, '2023'),
(735, 'DIAZ FIRMANSYAH PUTRA ', 3.3, '500.000 - 999.999', '0 - 500.000', 1, '2022'),
(736, 'MAULANA YUSUF ALWI', 3.3, '1.000.000 - 1.999.999', '0 - 500.000', 1, '2023'),
(737, 'Muhammad Zainur Roziqin', 3.3, '500.000 - 999.999', '0 - 500.000', 1, '2021'),
(738, 'Obriliandestra Rexana Risto', 3.3, '1.000.000 - 1.999.999', '500.000 - 999.999', 3, '2022'),
(739, 'ONKY LAVIO RIDHA FERNANDA', 3.3, '0 - 500.000', '0 - 500.000', 2, '2021'),
(740, 'RENDI YUSPRAMANA PUTRA', 3.3, '1.000.000 - 1.999.999', '0 - 500.000', 2, '2023'),
(741, 'DINDA APRILIA MUTIARA SARI', 3.32, '0 - 500.000', '500.000 - 999.999', 3, '2020'),
(742, 'LINA DWI JAYANTI ', 3.32, '500.000 - 999.999', '0 - 500.000', 1, '2020'),
(743, 'SHAILATUL FIRDHOSSIAH', 3.32, '0 - 500.000', '0 - 500.000', 3, '2020'),
(744, 'SONIA PEBI MERDIANA', 3.32, '1.000.000 - 1.999.999', '1.000.000 - 1.999.999', 2, '2021'),
(745, 'ARI AMBARWATI', 3.33, '500.000 - 999.999', '0 - 500.000', 3, '2021'),
(746, 'FAIZ DANENDRA AHNAF PASA', 3.33, '> 5.000.000', '0 - 500.000', 2, '2021'),
(747, 'OKTI LIKSYAN NITA TAMA', 3.33, '500.000 - 999.999', '0 - 500.000', 2, '2021'),
(748, 'SYAFI\\\\\\\' MUWAFFAQ', 3.33, '0 - 500.000', '500.000 - 999.999', 1, '2023'),
(749, 'DEWI RUSMANIAR', 3.35, '2.000.000 - 4.999.999', '0 - 500.000', 1, '2022'),
(750, 'EGUH RAGA MUSTIKA ', 3.35, '0 - 500.000', '0 - 500.000', 1, '2023'),
(751, 'HAMID ZAINUL RIDHO', 3.35, '500.000 - 999.999', '0 - 500.000', 1, '2022'),
(752, 'JORDI YOGA PRATAMA', 3.35, '500.000 - 999.999', '500.000 - 999.999', 1, '2021'),
(753, 'MAHENDRA BINTANG KUSUMA', 3.35, '500.000 - 999.999', '0 - 500.000', 1, '2023'),
(754, 'MEINANDA EKA CAHYANINGRUM', 3.35, '500.000 - 999.999', '0 - 500.000', 1, '2022'),
(755, 'MOHAMMAD REZA OKTAVIAN', 3.35, '2.000.000 - 4.999.999', '1.000.000 - 1.999.999', 1, '2023'),
(756, 'MUHAMMAD ANGGA KURNIAWAN', 3.35, '1.000.000 - 1.999.999', '1.000.000 - 1.999.999', 1, '2020'),
(757, 'SILVI PUTRI MUJI HASTUTI', 3.35, '1.000.000 - 1.999.999', '0 - 500.000', 1, '2020'),
(758, 'VIGOTA ABYAN FERNANDO', 3.35, '1.000.000 - 1.999.999', '1.000.000 - 1.999.999', 1, '2023'),
(759, 'WIDYAWATI', 3.35, '500.000 - 999.999', '500.000 - 999.999', 2, '2022'),
(760, 'BERNAGITA WAHYU SETYABUDI', 3.38, '> 5.000.000', '0 - 500.000', 2, '2022'),
(761, 'DAVID FERNANDA ADIPRAMANA', 3.38, '0 - 500.000', '2.000.000 - 4.999.999', 2, '2022'),
(762, 'DHEVI AYU SERKAWATI', 3.38, '500.000 - 999.999', '0 - 500.000', 2, '2023'),
(763, 'ERVANY SEPTA PRAWARA ARISANTO', 3.38, '2.000.000 - 4.999.999', '2.000.000 - 4.999.999', 2, '2022'),
(764, 'FAIZAL FIRDAUS SALAM', 3.38, '0 - 500.000', '0 - 500.000', 2, '2021'),
(765, 'INTIFADA ADE KARTIKA', 3.38, '500.000 - 999.999', '1.000.000 - 1.999.999', 2, '2023'),
(766, 'MOHAMMAD ILHAM MAULANA', 3.38, '0 - 500.000', '0 - 500.000', 3, '2023'),
(767, 'RIZKY ALI ROMADHONI', 3.38, '500.000 - 999.999', '0 - 500.000', 3, '2022'),
(768, 'SALSABILLA AGUSTIN ', 3.38, '1.000.000 - 1.999.999', '1.000.000 - 1.999.999', 3, '2022'),
(769, 'VALENTINO SHIDNEY HIDAYAT', 3.38, '2.000.000 - 4.999.999', '2.000.000 - 4.999.999', 3, '2022'),
(770, 'WIMA ALIF HARIANTO', 3.38, '2.000.000 - 4.999.999', '0 - 500.000', 2, '2021'),
(771, 'AHMAD FAUZAN', 3.39, '1.000.000 - 1.999.999', '0 - 500.000', 2, '2020'),
(772, 'MOCHAMAD RIYAN GUNAWAN', 3.39, '500.000 - 999.999', '500.000 - 999.999', 2, '2021'),
(773, 'RYAN ERLANGGA ARDIANSYAH', 3.39, '0 - 500.000', '500.000 - 999.999', 2, '2021'),
(774, 'BELLA PRISKA PUTRI APRILLIA', 3.4, '0 - 500.000', '0 - 500.000', 4, '2022'),
(775, 'FERNANDA RIFKY SYAHRIAL ', 3.4, '2.000.000 - 4.999.999', '500.000 - 999.999', 2, '2023'),
(776, 'MUHAMMAD SEGA RADIKA PRADANA', 3.4, '1.000.000 - 1.999.999', '0 - 500.000', 2, '2023'),
(777, 'ZAKY LUTHFIRANA ROIHAN NAFI\\\\\\\'', 3.41, '500.000 - 999.999', '500.000 - 999.999', 1, '2021'),
(778, 'BAGUS SETYO KURNIAWAN', 3.43, '1.000.000 - 1.999.999', '500.000 - 999.999', 1, '2023'),
(779, 'DEAVITA DYAH AYU SAFITRI', 3.43, '2.000.000 - 4.999.999', '500.000 - 999.999', 1, '2022'),
(780, 'GALANG FINTO ANERGI ', 3.43, '0 - 500.000', '1.000.000 - 1.999.999', 2, '2023'),
(781, 'HAICAL HAFIZI', 3.43, '500.000 - 999.999', '0 - 500.000', 2, '2022'),
(782, 'MELINDA NUR SAHIRA', 3.43, '1.000.000 - 1.999.999', '0 - 500.000', 3, '2022'),
(783, 'MEYTA NAJMA KHULOUD AZHARY', 3.43, '1.000.000 - 1.999.999', '0 - 500.000', 3, '2023'),
(784, 'MUHAMMAD IBNU PRADIPTA', 3.43, '2.000.000 - 4.999.999', '0 - 500.000', 1, '2023'),
(785, 'Muhammad Nur Arifin', 3.43, '0 - 500.000', '0 - 500.000', 3, '2023'),
(786, 'RAMA DANI', 3.43, '0 - 500.000', '1.000.000 - 1.999.999', 2, '2020'),
(787, 'YUZRIL MAULANA IHZA', 3.43, '0 - 500.000', '0 - 500.000', 3, '2021'),
(788, 'AULIA AHMAD AFFAISAL', 3.44, '500.000 - 999.999', '0 - 500.000', 3, '2021'),
(789, 'BALYA FAUZIA SYA\\\'RONI', 3.44, '1.000.000 - 1.999.999', '0 - 500.000', 2, '2021'),
(790, 'Octadear Reza Kurniawan', 3.44, '1.000.000 - 1.999.999', '1.000.000 - 1.999.999', 2, '2023'),
(791, 'DIAN ANISA AGUSTINA', 3.45, '500.000 - 999.999', '0 - 500.000', 1, '2021'),
(792, 'FAZA ILMAL MUGHNI ', 3.45, '0 - 500.000', '0 - 500.000', 3, '2023'),
(793, 'FIRSTYAN FERDI FIRDAUS', 3.45, '1.000.000 - 1.999.999', '1.000.000 - 1.999.999', 2, '2023'),
(794, 'KHOIRUL RIZQI', 3.45, '1.000.000 - 1.999.999', '0 - 500.000', 2, '2022'),
(795, 'Ramdhan Khosim Nur Ikhsan', 3.45, '1.000.000 - 1.999.999', '0 - 500.000', 2, '2022'),
(796, 'TRI HANDAYANI', 3.45, '500.000 - 999.999', '0 - 500.000', 1, '2021'),
(797, 'ZAHROTUL ILMI WIJAYANTI', 3.45, '500.000 - 999.999', '500.000 - 999.999', 4, '2021'),
(798, 'BELLA AMELIA INDIRA PUTRI', 3.47, '1.000.000 - 1.999.999', '0 - 500.000', 2, '2021'),
(799, 'DIMAS SANTOSA', 3.47, '0 - 500.000', '500.000 - 999.999', 3, '2021'),
(800, 'BINAR WANANDI PUTRA', 3.48, '0 - 500.000', '2.000.000 - 4.999.999', 2, '2020'),
(801, 'DANANG SETYO WIBOWO', 3.48, '500.000 - 999.999', '0 - 500.000', 3, '2022'),
(802, 'DICKA ANGGER MUKTI WIBOWO', 3.48, '1.000.000 - 1.999.999', '500.000 - 999.999', 3, '2022'),
(803, 'FAJAR TRI WIDODO', 3.48, '500.000 - 999.999', '0 - 500.000', 1, '2021'),
(804, 'FEMBRI HARIS HAFILUDIN', 3.48, '500.000 - 999.999', '0 - 500.000', 2, '2022'),
(805, 'FIRA DESWARA', 3.48, '500.000 - 999.999', '0 - 500.000', 2, '2022'),
(806, 'GALIH SETYO NUGROHO ', 3.48, '1.000.000 - 1.999.999', '0 - 500.000', 4, '2023'),
(807, 'HELVY AURILIA', 3.48, '500.000 - 999.999', '> 5.000.000', 2, '2022'),
(808, 'JALU SENA PURWA ANDHIKA ', 3.48, '2.000.000 - 4.999.999', '0 - 500.000', 1, '2022'),
(809, 'RAFLY ULHUDHAMA', 3.48, '1.000.000 - 1.999.999', '1.000.000 - 1.999.999', 1, '2023'),
(810, 'ANNISAA IRSALINA RAZITA', 3.5, '1.000.000 - 1.999.999', '2.000.000 - 4.999.999', 2, '2022'),
(811, 'DARAS FADILA', 3.5, '2.000.000 - 4.999.999', '0 - 500.000', 5, '2021'),
(812, 'Desy intan permatasari', 3.5, '500.000 - 999.999', '0 - 500.000', 2, '2021'),
(813, 'FEBRI HUSNA PRADILA MUKTI ', 3.5, '500.000 - 999.999', '0 - 500.000', 3, '2021'),
(814, 'FRENDY PRADANA PUTRA', 3.5, '500.000 - 999.999', '0 - 500.000', 2, '2021'),
(815, 'GILANG DWI SAPUTRA', 3.5, '500.000 - 999.999', '0 - 500.000', 1, '2021'),
(816, 'LUGAS HERMANTO ', 3.5, '500.000 - 999.999', '0 - 500.000', 3, '2022'),
(817, 'MOHAMMAD SYAH IBRAHIM', 3.5, '500.000 - 999.999', '0 - 500.000', 3, '2023'),
(818, 'MUH NAILAR RAZA', 3.5, '> 5.000.000', '0 - 500.000', 2, '2021'),
(819, 'MUHAMMAD TAUFIK HIDAYAT', 3.5, '500.000 - 999.999', '500.000 - 999.999', 3, '2023'),
(820, 'RECKY ANGGUN SAPUTRA', 3.5, '0 - 500.000', '0 - 500.000', 3, '2020'),
(821, 'Rianawati', 3.5, '0 - 500.000', '1.000.000 - 1.999.999', 4, '2020'),
(822, 'WAHYU PRIAMBODO', 3.5, '500.000 - 999.999', '0 - 500.000', 2, '2022'),
(823, 'ANDI MUHAMAD KURNIAWAN ', 3.52, '1.000.000 - 1.999.999', '0 - 500.000', 1, '2022'),
(824, 'ERNA ERAWATI', 3.52, '0 - 500.000', '0 - 500.000', 1, '2022'),
(825, ' FARAH AFI FEBRIYANTI', 3.53, '0 - 500.000', '0 - 500.000', 2, '2021'),
(826, 'APRILIA FIAJAR RINA', 3.53, '0 - 500.000', '0 - 500.000', 5, '2022'),
(827, 'HAKIQI ALMAJID', 3.53, '0 - 500.000', '0 - 500.000', 2, '2022'),
(828, 'MAHARDIKA YOSHI PUTRA', 3.53, '0 - 500.000', '0 - 500.000', 3, '2021'),
(829, 'MIFTA RAHAYU ', 3.53, '500.000 - 999.999', '0 - 500.000', 2, '2022'),
(830, 'WAHYU ARDHIYAS SAPUTRA ', 3.53, '2.000.000 - 4.999.999', '2.000.000 - 4.999.999', 1, '2022'),
(831, 'RIYAN FEBRI SETIAWAN', 3.54, '1.000.000 - 1.999.999', '0 - 500.000', 3, '2022'),
(832, 'FIRMAN ASHR ROZAQULLAH', 3.55, '1.000.000 - 1.999.999', '0 - 500.000', 3, '2022'),
(833, 'INTIN RISTA PRATIWI', 3.55, '1.000.000 - 1.999.999', '0 - 500.000', 2, '2021'),
(834, 'rafli devano danendra ', 3.55, '500.000 - 999.999', '0 - 500.000', 2, '2022'),
(835, 'Setyo Noviantoro', 3.55, '2.000.000 - 4.999.999', '2.000.000 - 4.999.999', 1, '2020'),
(836, 'INNAYATUL CHOIRUL AMIRUL AMIN', 3.56, '0 - 500.000', '0 - 500.000', 4, '2021'),
(837, 'INTAN SARFINA', 3.56, '0 - 500.000', '0 - 500.000', 2, '2021'),
(838, 'FERGIAWAN RESTIANTO', 3.57, '500.000 - 999.999', '500.000 - 999.999', 3, '2020'),
(839, 'Lukman Teguh Priyatin', 3.57, '500.000 - 999.999', '0 - 500.000', 3, '2022'),
(840, 'RIYAN ESNA PRATAMA', 3.57, '500.000 - 999.999', '0 - 500.000', 4, '2022'),
(841, 'ALI JA\\\'FAR', 3.58, '2.000.000 - 4.999.999', '0 - 500.000', 1, '2023'),
(842, 'AMANDA ZULFI KURNIA TSANI', 3.58, '500.000 - 999.999', '0 - 500.000', 2, '2021'),
(843, 'CAMELLEN CALVIN YONUSON', 3.58, '0 - 500.000', '0 - 500.000', 6, '2022'),
(844, 'DIONDA FIRDAUS YUANDES', 3.58, '500.000 - 999.999', '2.000.000 - 4.999.999', 2, '2022'),
(845, 'HAFIZH TRISNA INDARTO', 3.58, '1.000.000 - 1.999.999', '1.000.000 - 1.999.999', 1, '2022'),
(846, 'IBNU ROSYIDA AFIF', 3.58, '0 - 500.000', '0 - 500.000', 3, '2022'),
(847, 'M. ARDIFA RIZQI RAMADHAN', 3.58, '2.000.000 - 4.999.999', '0 - 500.000', 2, '2022'),
(848, 'MOHAMMAD ZISNU KENJANA PAKSI', 3.58, '0 - 500.000', '0 - 500.000', 2, '2023'),
(849, 'RISMA WAFI SAPUTRI', 3.58, '500.000 - 999.999', '500.000 - 999.999', 2, '2023'),
(850, 'SEPTIAN HANIF LUTHFI', 3.58, '2.000.000 - 4.999.999', '0 - 500.000', 2, '2023'),
(851, 'SILVIANA PUSPANINGRUM', 3.58, '0 - 500.000', '0 - 500.000', 2, '2022'),
(852, 'STANLEY RANGGA YUDHA ', 3.58, '1.000.000 - 1.999.999', '1.000.000 - 1.999.999', 1, '2022'),
(853, 'VIVALDI ROYHAN MAULANA', 3.58, '1.000.000 - 1.999.999', '0 - 500.000', 1, '2023'),
(854, 'ANITA DIAH RAHMA NINGRUM', 3.59, '0 - 500.000', '0 - 500.000', 3, '2022'),
(855, 'BAHRUL ZULFAHMI ', 3.6, '500.000 - 999.999', '0 - 500.000', 2, '2020'),
(856, 'DWI RAHIATUL SELA', 3.6, '0 - 500.000', '0 - 500.000', 1, '2022'),
(857, 'MUHAMMAD AMIRUL MUCHMINIIN', 3.6, '2.000.000 - 4.999.999', '0 - 500.000', 3, '2022'),
(858, 'SALMAN AL FARISI', 3.6, '500.000 - 999.999', '0 - 500.000', 1, '2021'),
(859, 'ELINDA LUSYANA PUJI RISTANTI', 3.62, '500.000 - 999.999', '500.000 - 999.999', 2, '2021'),
(860, 'NABELLA DARAFRISCA PRASADA', 3.62, '2.000.000 - 4.999.999', '0 - 500.000', 1, '2021'),
(861, 'ANGEL ENDRIKA FAIZA NURFADIA', 3.63, '1.000.000 - 1.999.999', '0 - 500.000', 2, '2022'),
(862, 'ARYONO', 3.63, '0 - 500.000', '0 - 500.000', 2, '2021'),
(863, 'DESI ROMDANI PUTRI PAMUNGKAS', 3.63, '0 - 500.000', '0 - 500.000', 3, '2022'),
(864, 'FAIZAL ANWAR', 3.63, '500.000 - 999.999', '0 - 500.000', 3, '2023'),
(865, 'LAILATUL NUR ROHMAH', 3.63, '500.000 - 999.999', '0 - 500.000', 1, '2022'),
(866, 'Lalang Indra Bachtiar ', 3.63, '> 5.000.000', '2.000.000 - 4.999.999', 1, '2022'),
(867, 'SUNARI', 3.63, '500.000 - 999.999', '0 - 500.000', 1, '2022'),
(868, 'VIKA NOR AZIZAH', 3.63, '0 - 500.000', '0 - 500.000', 3, '2023'),
(869, 'MOH RIDWAN OKTAVIAN ', 3.64, '0 - 500.000', '0 - 500.000', 1, '2020'),
(870, 'AFIGO AZUS ZAKKYFRIZA', 3.65, '500.000 - 999.999', '500.000 - 999.999', 3, '2022'),
(871, 'ANDIKA NUR PRATAMA', 3.65, '500.000 - 999.999', '500.000 - 999.999', 2, '2021'),
(872, 'ARGA FAUZI INDRATNA ', 3.65, '2.000.000 - 4.999.999', '0 - 500.000', 1, '2022'),
(873, 'Duatama ari mukti', 3.65, '500.000 - 999.999', '0 - 500.000', 2, '2022'),
(874, 'M.B. GIGIH BASKORO ASHARI', 3.65, '500.000 - 999.999', '0 - 500.000', 2, '2021'),
(875, 'OCTAVIAN FAJAR RAMADANY', 3.65, '2.000.000 - 4.999.999', '0 - 500.000', 3, '2022'),
(876, 'DIMAS ANDIKA PERDHANA', 3.67, '500.000 - 999.999', '0 - 500.000', 3, '2022'),
(877, 'ERIAN SUGENG YUZAKKI KURNIAWAN ', 3.67, '0 - 500.000', '0 - 500.000', 1, '2021'),
(878, 'KHARISMA WAHYU WIBOWO', 3.68, '500.000 - 999.999', '500.000 - 999.999', 1, '2022'),
(879, 'MUHAMMAD ALFIYAN NUUR', 3.68, '0 - 500.000', '0 - 500.000', 2, '2021'),
(880, 'MUHAMMAD KEVIN ANDRIAN RAHMADHANI', 3.68, '0 - 500.000', '0 - 500.000', 2, '2022'),
(881, 'USAMAH PUTRA FIRDAUS', 3.68, '2.000.000 - 4.999.999', '0 - 500.000', 3, '2021'),
(882, 'ABDUL ROSYID', 3.7, '1.000.000 - 1.999.999', '1.000.000 - 1.999.999', 2, '2023'),
(883, 'AISROTUL TYO NURLISA', 3.7, '0 - 500.000', '0 - 500.000', 2, '2022'),
(884, 'ERMAWATI ALMUNAWARAH', 3.7, '500.000 - 999.999', '500.000 - 999.999', 2, '2022'),
(885, 'MUH BAYU ADJIE NUGROHO', 3.7, '500.000 - 999.999', '0 - 500.000', 1, '2023'),
(886, 'NERISSA NIKMATUL QOIRIYAH', 3.7, '1.000.000 - 1.999.999', '0 - 500.000', 1, '2022'),
(887, 'PRASETYA RISKI WA\\\'AFAN', 3.7, '500.000 - 999.999', '0 - 500.000', 2, '2023'),
(888, 'WENDY SAFRILIAN NUGRAHA', 3.7, '1.000.000 - 1.999.999', '0 - 500.000', 1, '2023'),
(889, 'HANNA SYAHIDA ALAWI', 3.72, '500.000 - 999.999', '0 - 500.000', 1, '2020'),
(890, 'DIAN YENDRA DWI SAPUTRA', 3.73, '2.000.000 - 4.999.999', '0 - 500.000', 1, '2022'),
(891, 'ERDIN WILDAN AHSANI', 3.73, '> 5.000.000', '0 - 500.000', 1, '2022'),
(892, 'FAIRUZ DESTEA HAFSHA PERMANASARI', 3.73, '2.000.000 - 4.999.999', '2.000.000 - 4.999.999', 1, '2022'),
(893, 'KARTIKA NUR ANGGRAENI', 3.73, '500.000 - 999.999', '0 - 500.000', 2, '2021'),
(894, 'MUHAMMAD HANIF RIFAI', 3.73, '0 - 500.000', '1.000.000 - 1.999.999', 2, '2022'),
(895, 'NILA MAHARDIKA TIARA SARI', 3.73, '500.000 - 999.999', '0 - 500.000', 2, '2022'),
(896, 'Rifa\\\'i Rizal Fauzi', 3.73, '1.000.000 - 1.999.999', '1.000.000 - 1.999.999', 1, '2022'),
(897, 'RIZKA ITSMATUL JANNAH', 3.73, '0 - 500.000', '0 - 500.000', 1, '2022'),
(898, 'Titan Apriliyan Nadine Ananta', 3.73, '0 - 500.000', '1.000.000 - 1.999.999', 2, '2022'),
(899, 'ANANDA MAYSELA NUR ROHMA', 3.74, '500.000 - 999.999', '0 - 500.000', 3, '2021'),
(900, 'GITA AGUSTIGUNA SIDIK', 3.74, '0 - 500.000', '1.000.000 - 1.999.999', 3, '2021'),
(901, 'Dwi Rahmawati', 3.75, '2.000.000 - 4.999.999', '0 - 500.000', 1, '2022'),
(902, 'Aji Wibawantoro', 3.76, '1.000.000 - 1.999.999', '1.000.000 - 1.999.999', 3, '2021'),
(903, 'HANIFA MUKAROMATUN NIKMAH', 3.78, '1.000.000 - 1.999.999', '0 - 500.000', 1, '2022'),
(904, 'Ridho Akbar Nuryadin', 3.78, '500.000 - 999.999', '500.000 - 999.999', 2, '2020'),
(905, 'Zulfiqli Kurniawan', 3.78, '1.000.000 - 1.999.999', '0 - 500.000', 1, '2022'),
(906, 'ALFI NURIYATUL HEKMAAH', 3.79, '0 - 500.000', '0 - 500.000', 2, '2020'),
(907, 'ANANDA AZIZUL HAKIM', 3.79, '500.000 - 999.999', '0 - 500.000', 2, '2021'),
(908, 'MUNA SINTYA ELYZA PUTRI', 3.79, '0 - 500.000', '1.000.000 - 1.999.999', 1, '2021'),
(909, 'SEPTIANA MEILANI PUTRI PAWITI', 3.79, '500.000 - 999.999', '0 - 500.000', 1, '2020'),
(910, 'ADY PUTRA MAHESTRA ', 3.8, '2.000.000 - 4.999.999', '2.000.000 - 4.999.999', 1, '2021'),
(911, 'CINDY ALYA PUTRI', 3.8, '2.000.000 - 4.999.999', '0 - 500.000', 2, '2022'),
(912, 'DIMAS ALIF MURSYIDIN', 3.8, '2.000.000 - 4.999.999', '2.000.000 - 4.999.999', 2, '2021'),
(913, 'GALANG AKBAR FATONI', 3.8, '1.000.000 - 1.999.999', '0 - 500.000', 2, '2022'),
(914, 'HENRI YUNAN', 3.8, '0 - 500.000', '0 - 500.000', 2, '2022'),
(915, 'NANDA SISKA SETYO PUTRI', 3.8, '1.000.000 - 1.999.999', '500.000 - 999.999', 2, '2022'),
(916, 'PANJI SIWININDYA PUTRA', 3.8, '0 - 500.000', '500.000 - 999.999', 2, '2022'),
(917, 'REVALDY ALEXANDRA PUTRA', 3.8, '0 - 500.000', '0 - 500.000', 2, '2022'),
(918, 'Yuliana Syajiddah', 3.8, '0 - 500.000', '1.000.000 - 1.999.999', 3, '2021'),
(919, 'Oky Pratama Sejati', 3.81, '0 - 500.000', '1.000.000 - 1.999.999', 3, '2020'),
(920, 'PRAMU LISTIYAN DWI SAPUTRA', 3.81, '2.000.000 - 4.999.999', '2.000.000 - 4.999.999', 1, '2021'),
(921, 'LAZUARDI IRHAM KARAMAN', 3.85, '1.000.000 - 1.999.999', '0 - 500.000', 1, '2023'),
(922, 'RIFAL ARIYA YUSUFTRIAN', 3.85, '1.000.000 - 1.999.999', '0 - 500.000', 1, '2022'),
(923, 'VERNANDA WAHYU DWI SAPUTRA', 3.85, '1.000.000 - 1.999.999', '0 - 500.000', 1, '2020'),
(924, 'RAFI NUR ANNAS', 3.86, '1.000.000 - 1.999.999', '2.000.000 - 4.999.999', 2, '2020'),
(925, 'EFI MUKAROMAH', 3.89, '500.000 - 999.999', '0 - 500.000', 2, '2021'),
(926, 'TARISA AULIYA RAMADHANI', 3.89, '1.000.000 - 1.999.999', '1.000.000 - 1.999.999', 1, '2020'),
(927, 'YOSA ADYTIA PRATAMA ', 3.89, '500.000 - 999.999', '0 - 500.000', 1, '2021'),
(928, 'MUHAMMAD ARSAYUAN WIJAYA', 3.93, '2.000.000 - 4.999.999', '2.000.000 - 4.999.999', 2, '2022'),
(929, 'MUHAMMAD HISAM ASZAINI', 3.93, '1.000.000 - 1.999.999', '0 - 500.000', 2, '2022'),
(930, 'RIZKY ACHMAD NAUFAL ', 3.93, '2.000.000 - 4.999.999', '0 - 500.000', 2, '2022'),
(931, 'ANGGORO PAMBUKO CAHYO S.', 4, '500.000 - 999.999', '0 - 500.000', 3, '2021'),
(932, 'ANNISA AULIA WARDHANI ', 4, '500.000 - 999.999', '0 - 500.000', 3, '2020'),
(933, 'NALDHI FAHMI HASAN', 4, '500.000 - 999.999', '0 - 500.000', 1, '2021'),
(934, 'NANDA SAFIQ ALFIANSYAH', 4, '0 - 500.000', '0 - 500.000', 1, '2021'),
(935, 'SINCAN MAULANA', 4, '2.000.000 - 4.999.999', '0 - 500.000', 2, '2021'),
(936, 'SINDY MAYNANDA MUSLIHAH', 4, '1.000.000 - 1.999.999', '500.000 - 999.999', 2, '2020'),
(937, 'ZAKIA ACCESS ASMAUL KHUSNA', 4, '1.000.000 - 1.999.999', '0 - 500.000', 3, '2021');

-- --------------------------------------------------------

--
-- Struktur dari tabel `users`
--

CREATE TABLE `users` (
  `id` int(11) NOT NULL,
  `username` varchar(50) NOT NULL,
  `password` varchar(255) NOT NULL
) ENGINE=InnoDB DEFAULT CHARSET=utf8mb4 COLLATE=utf8mb4_general_ci;

--
-- Dumping data untuk tabel `users`
--

INSERT INTO `users` (`id`, `username`, `password`) VALUES
(1, 'admin', '$2y$10$92IXUNpkjO0rOQ5byMi.Ye4oKoEa3Ro9llC/.og/at2.uheWG/igi');

--
-- Indexes for dumped tables
--

--
-- Indeks untuk tabel `cluster`
--
ALTER TABLE `cluster`
  ADD PRIMARY KEY (`id`);

--
-- Indeks untuk tabel `hasil_clustering`
--
ALTER TABLE `hasil_clustering`
  ADD PRIMARY KEY (`id`),
  ADD KEY `mahasiswa_id` (`mahasiswa_id`),
  ADD KEY `cluster_id` (`cluster_id`);

--
-- Indeks untuk tabel `mahasiswa`
--
ALTER TABLE `mahasiswa`
  ADD PRIMARY KEY (`id`);

--
-- Indeks untuk tabel `users`
--
ALTER TABLE `users`
  ADD PRIMARY KEY (`id`),
  ADD UNIQUE KEY `username` (`username`);

--
-- AUTO_INCREMENT untuk tabel yang dibuang
--

--
-- AUTO_INCREMENT untuk tabel `cluster`
--
ALTER TABLE `cluster`
  MODIFY `id` int(11) NOT NULL AUTO_INCREMENT, AUTO_INCREMENT=4;

--
-- AUTO_INCREMENT untuk tabel `hasil_clustering`
--
ALTER TABLE `hasil_clustering`
  MODIFY `id` int(11) NOT NULL AUTO_INCREMENT, AUTO_INCREMENT=16206;

--
-- AUTO_INCREMENT untuk tabel `mahasiswa`
--
ALTER TABLE `mahasiswa`
  MODIFY `id` int(11) NOT NULL AUTO_INCREMENT, AUTO_INCREMENT=938;

--
-- AUTO_INCREMENT untuk tabel `users`
--
ALTER TABLE `users`
  MODIFY `id` int(11) NOT NULL AUTO_INCREMENT, AUTO_INCREMENT=2;

--
-- Ketidakleluasaan untuk tabel pelimpahan (Dumped Tables)
--

--
-- Ketidakleluasaan untuk tabel `hasil_clustering`
--
ALTER TABLE `hasil_clustering`
  ADD CONSTRAINT `hasil_clustering_ibfk_1` FOREIGN KEY (`mahasiswa_id`) REFERENCES `mahasiswa` (`id`),
  ADD CONSTRAINT `hasil_clustering_ibfk_2` FOREIGN KEY (`cluster_id`) REFERENCES `cluster` (`id`);
COMMIT;

/*!40101 SET CHARACTER_SET_CLIENT=@OLD_CHARACTER_SET_CLIENT */;
/*!40101 SET CHARACTER_SET_RESULTS=@OLD_CHARACTER_SET_RESULTS */;
/*!40101 SET COLLATION_CONNECTION=@OLD_COLLATION_CONNECTION */;
